"","clo","tOut","tInOp","sex","subjId","time","day"
"1",0.71,17.2672,22.28525041,"female",11,0,1
"2",0.71,20.7,24.5723027,"female",11,1.18333333333333,1
"3",0.71,20.54773333,25.55076541,"female",11,1.5,1
"4",0.71,21.9,26.40068665,"female",11,1.4,1
"5",0.71,21.5208,26.66522133,"female",11,1.06666666666667,1
"6",0.71,20.99016667,27.18360916,"female",11,1.58333333333333,1
"7",0.81,14.0004,23.99907469,"female",11,0,2
"8",0.81,16.75316667,25.27592077,"female",11,1.08333333333333,2
"9",0.81,18.29815,26.21257117,"female",11,1.51666666666667,2
"10",0.81,18.40266667,26.37049263,"female",11,1.35,2
"11",0.81,19.32161667,26.94404679,"female",11,1.15,2
"12",0.81,19.5,27.20148625,"female",11,1.5,2
"13",0.68,16.69203333,24.16892466,"female",11,0,3
"14",0.68,18.10095,25.53036967,"female",11,1.16666666666667,3
"15",0.68,19.34203333,25.09543409,"female",11,1.55,3
"16",0.68,18.9416,25.25030653,"female",11,1.31666666666667,3
"17",0.68,20.99258333,26.57250232,"female",11,1.08333333333333,3
"18",0.68,21.6,26.77706483,"female",11,1.56666666666667,3
"19",0.65,14.70021667,23.11101578,"female",17,0,1
"20",0.65,15.70115,22.88766907,"female",17,1.18333333333333,1
"21",0.65,15.2581,23.03144324,"female",17,1.36666666666667,1
"22",0.65,16.65636667,23.1795283,"female",17,1.41666666666667,1
"23",0.65,18.5522,23.30329175,"female",17,1.18333333333333,1
"24",0.65,18.47575,23.46416386,"female",17,1.53333333333333,1
"25",0.65,14.0489,23.98094678,"female",17,0,2
"26",0.9,17.02675,24.2758573,"female",17,1.11666666666667,2
"27",0.9,18.3327,24.67495822,"female",17,1.5,2
"28",0.65,18.4,25.03312191,"female",17,1.33333333333333,2
"29",0.65,19.8241,25.36860018,"female",17,1.26666666666667,2
"30",0.65,19.43695,25.72683777,"female",17,1.35,2
"31",0.53,22.3349,24.72311688,"female",17,0,3
"32",0.53,24.80883333,25.15292101,"female",17,1.26666666666667,3
"33",0.53,25.7937,26.52073835,"female",17,1.53333333333333,3
"34",0.53,27.7462,27.7362538,"female",17,1.38333333333333,3
"35",0.53,28.27333333,28.1644058,"female",17,1.21666666666667,3
"36",0.53,28.01453333,28.64477519,"female",17,1.43333333333333,3
"37",0.77,9.984666667,24.14766836,"female",19,0,1
"38",0.77,12.17268333,25.1749534,"female",19,1.26666666666667,1
"39",0.77,15.21566667,26.60257714,"female",19,1.55,1
"40",0.97,15.8,24.13214681,"female",19,1.16666666666667,1
"41",0.97,16.77471667,23.49742872,"female",19,1.46666666666667,1
"42",0.97,17.2988,23.78227186,"female",19,1.35,1
"43",0.95,13.1426,24.60271159,"female",19,0,2
"44",0.95,14.30033333,25.48116859,"female",19,1.2,2
"45",0.91,16.328,26.33664891,"female",19,1.38333333333333,2
"46",0.83,17.55656667,26.73672381,"female",19,1.4,2
"47",0.83,18.1,26.4216949,"female",19,1.1,2
"48",0.83,17.7128,27.34504039,"female",19,1.65,2
"49",0.72,13.55891667,24.00460216,"female",19,0,3
"50",0.72,16.6756,24.25585754,"female",19,1.05,3
"51",0.72,18.32933333,25.07617388,"female",19,1.61666666666667,3
"52",0.52,19.58353333,26.62640813,"female",19,1.26666666666667,3
"53",0.72,20.1922,24.64544043,"female",19,1.13333333333333,3
"54",0.72,21.76558333,25.44736618,"female",19,1.5,3
"55",0.56,16.5195,22.36557499,"female",29,0,1
"56",0.56,18.55133333,25.65702627,"female",29,1.23333333333333,1
"57",0.56,20,27.13526357,"female",29,1.48333333333333,1
"58",0.56,21.4,27.88957639,"female",29,1.18333333333333,1
"59",0.56,21.49836667,28.50670534,"female",29,1.23333333333333,1
"60",0.56,23.34891667,30.5516075,"female",29,1.5,1
"61",0.56,18.76873333,25.36345567,"female",29,0,2
"62",0.56,21.2956,26.38776641,"female",29,1.16666666666667,2
"63",0.56,24.5239,27.63596428,"female",29,1.48333333333333,2
"64",0.56,26.4864,27.38183691,"female",29,1.13333333333333,2
"65",0.56,27.19693333,27.23718449,"female",29,1.45,2
"66",0.56,27.48615,27.51818593,"female",29,1.35,2
"67",0.63,19.01346667,23.98244728,"female",29,0,3
"68",0.63,22.3386,24.86047093,"female",29,1.26666666666667,3
"69",0.63,24.48826667,26.25066039,"female",29,1.51666666666667,3
"70",0.63,25.8,27.63244708,"female",29,1.2,3
"71",0.63,26.6895,27.58526197,"female",29,1.3,3
"72",0.63,25.78006667,27.91291667,"female",29,1.46666666666667,3
"73",0.34,21.208,26.00729606,"male",35,0,1
"74",0.34,23.0704,26.66674188,"male",35,1.13333333333333,1
"75",0.34,25.908,28.51981196,"male",35,1.7,1
"76",0.34,26.3225,29.40576544,"male",35,1.18333333333333,1
"77",0.34,27.2,30.25615858,"male",35,1.23333333333333,1
"78",0.34,27.79813333,30.82664953,"male",35,1.55,1
"79",0.34,16.96326667,26.73733256,"male",35,0,2
"80",0.34,17.50426667,26.57554042,"male",35,1.3,2
"81",0.34,18.45033333,26.83158002,"male",35,1.45,2
"82",0.34,19.4445,27.06305087,"male",35,1.25,2
"83",0.34,21.88166667,28.32717426,"male",35,1.46666666666667,2
"84",0.34,22.885,28.2659904,"male",35,1.26666666666667,2
"85",0.34,19.56585,24.94587559,"male",35,0,3
"86",0.34,22.88286667,25.93132287,"male",35,1.31666666666667,3
"87",0.34,23.75866667,27.0624843,"male",35,1.4,3
"88",0.34,24.72276667,28.55025488,"male",35,1.28333333333333,3
"89",0.34,24.89243333,29.41867545,"male",35,1.13333333333333,3
"90",0.34,25.629,29.54301475,"male",35,1.5,3
"91",0.68,15.28833333,26.21802121,"male",35,0,4
"92",0.68,17.8868,26.66880675,"male",35,1.11666666666667,4
"93",0.68,18.3605,27.54585703,"male",35,1.55,4
"94",0.48,19.6955,28.38013948,"male",35,1.26666666666667,4
"95",0.48,21.1058,29.3289493,"male",35,1.23333333333333,4
"96",0.48,19.50866667,29.93758475,"male",35,1.75,4
"97",0.86,19.8378,24.27893031,"female",43,0,1
"98",0.86,24.85733333,27.36886888,"female",43,2.75,1
"99",0.51,26.195,27.55848565,"female",43,1.23333333333333,1
"100",0.86,26.95703333,27.96653092,"female",43,1.31666666666667,1
"101",0.86,28.3,28.19621391,"female",43,1.48333333333333,1
"102",0.31,23.99816667,26.16214481,"female",43,0,2
"103",0.31,26.3635,26.77708751,"female",43,1.21666666666667,2
"104",0.31,32.6585,28.50095106,"female",43,1.5,2
"105",0.28,35.2196,30.13268512,"female",43,1.25,2
"106",0.28,35.24616667,31.6977094,"female",43,1.25,2
"107",0.31,35.37166667,32.1971762,"female",43,1.51666666666667,2
"108",0.73,25.33316667,27.10023898,"female",43,0,3
"109",0.73,28.29385,28.57748308,"female",43,1.43333333333333,3
"110",0.73,30.08783333,29.68397267,"female",43,1.3,3
"111",0.73,30.78646667,30.2513248,"female",43,1.35,3
"112",0.48,30.5488,30.71229324,"female",43,1.25,3
"113",0.48,29.52976667,30.99853416,"female",43,1.46666666666667,3
"114",0.47,19.8678,26.78332094,"female",47,0,1
"115",0.47,19.93416667,27.57664488,"female",47,0.983333333333333,1
"116",0.47,22.38866667,29.67173405,"female",47,1.48333333333333,1
"117",0.47,21.3,29.53450704,"female",47,1.23333333333333,1
"118",0.47,24.5706,31.060978,"female",47,1.38333333333333,1
"119",0.47,19.46416667,30.96276962,"female",47,1.3,1
"120",0.66,20.54766667,26.16723445,"female",47,0,2
"121",0.66,23.50208333,26.9979235,"female",47,1.31666666666667,2
"122",0.66,25.7,28.02411609,"female",47,1.41666666666667,2
"123",0.66,24.84833333,28.54353825,"female",47,1.3,2
"124",0.62,25.6052,29.28440557,"female",47,1.21666666666667,2
"125",0.62,25.73376667,29.78894695,"female",47,1.53333333333333,2
"126",0.39,24.02983333,26.25016327,"female",47,0,3
"127",0.39,26.7378,27.1527159,"female",47,1.25,3
"128",0.39,28.4,28.12803593,"female",47,1.46666666666667,3
"129",0.39,28.7593,28.4122019,"female",47,1.28333333333333,3
"130",0.39,28.67053333,29.06762491,"female",47,1.46666666666667,3
"131",0.39,28.08146667,29.80689583,"female",47,1.36666666666667,3
"132",0.65,14.3,23.90931726,"male",49,0,1
"133",0.65,17.68208333,25.12243306,"male",49,1.21666666666667,1
"134",0.65,20.57493333,26.07598416,"male",49,1.5,1
"135",0.65,22.0264,26.81834009,"male",49,1.35,1
"136",0.65,20.6896,26.24412634,"male",49,1.16666666666667,1
"137",0.65,22.39895,26.60381382,"male",49,1.53333333333333,1
"138",0.56,14.4,24.67082523,"male",49,0,2
"139",0.56,16.5,25.84487364,"male",49,1.23333333333333,2
"140",0.56,19.366,26.04771277,"male",49,1.51666666666667,2
"141",0.56,21.74463333,26.77172847,"male",49,1.26666666666667,2
"142",0.56,19.9832,26.27129601,"male",49,1.28333333333333,2
"143",0.56,19.8,24.54306693,"male",49,1.5,2
"144",0.68,15.7036,24.87666274,"female",51,0,1
"145",0.68,16.7235,25.51458634,"female",51,1.26666666666667,1
"146",0.68,17.7566,26.50242025,"female",51,1.51666666666667,1
"147",0.68,17.8851,26.84887953,"female",51,1.16666666666667,1
"148",0.68,17.30705,26.89999029,"female",51,1.45,1
"149",0.68,18.0577,27.38565578,"female",51,1.35,1
"150",0.81,17.1,24.7790376,"female",51,0,2
"151",0.81,18.1406,24.07092655,"female",51,1.25,2
"152",0.81,19.2,26.13866456,"female",51,1.5,2
"153",0.56,19.3,27.6967553,"female",51,1.3,2
"154",0.56,19.9,28.55266266,"female",51,1.21666666666667,2
"155",0.56,19.8,29.24465202,"female",51,1.41666666666667,2
"156",0.93,18.3,25.01187299,"female",51,0,3
"157",0.93,20.0037,26.08612194,"female",51,1.23333333333333,3
"158",0.93,22.56385,27.46679639,"female",51,1.48333333333333,3
"159",0.68,24.0824,27.95345609,"female",51,1.23333333333333,3
"160",0.68,26.0996,28.04354055,"female",51,1.28333333333333,3
"161",0.68,26,28.2642378,"female",51,1.5,3
"162",0.34,23.934,26.13911786,"female",55,0,1
"163",0.69,26.3064,26.75270868,"female",55,1.21666666666667,1
"164",0.34,32.6152,28.48638883,"female",55,1.5,1
"165",0.34,35.2,30.07663631,"female",55,1.23333333333333,1
"166",0.34,35.34283333,31.66620423,"female",55,1.25,1
"167",0.34,35.32666667,32.17112965,"female",55,1.55,1
"168",0.34,25.37783333,27.23860177,"female",55,0,2
"169",0.34,28.104,28.41396999,"female",55,1.26666666666667,2
"170",0.34,29.87083333,29.6268466,"female",55,1.38333333333333,2
"171",0.34,30.6707,30.16277856,"female",55,1.26666666666667,2
"172",0.34,30.40416667,30.65535553,"female",55,1.25,2
"173",0.34,29.7006,31.00165771,"female",55,1.63333333333333,2
"174",0.34,24.8,27.50573212,"female",55,0,3
"175",0.34,27.0552,28.41112705,"female",55,1.21666666666667,3
"176",0.34,28.2174,29.69905997,"female",55,1.46666666666667,3
"177",0.34,28.73883333,29.84026056,"female",55,1.33333333333333,3
"178",0.34,29.8892,30.7977206,"female",55,1.21666666666667,3
"179",0.34,29.62478333,30.7619618,"female",55,1.55,3
"180",0.39,17.24556667,25.7965569,"female",57,0,1
"181",0.39,17.8,27.23004436,"female",57,1.15,1
"182",0.39,19.62088333,27.89576883,"female",57,1.48333333333333,1
"183",0.39,20.6755,28.31375771,"female",57,1.35,1
"184",0.39,23.05893333,29.45192872,"female",57,1.13333333333333,1
"185",0.39,23.9,30.03937299,"female",57,1.56666666666667,1
"186",0.43,16.16823333,25.12153365,"female",57,0,2
"187",0.55,15.72201667,25.14689809,"female",57,1.15,2
"188",0.43,15.5,26.00647393,"female",57,1.51666666666667,2
"189",0.43,15.3,25.98424818,"female",57,1.21666666666667,2
"190",0.43,15.704,26.40917667,"female",57,1.21666666666667,2
"191",0.43,15.80013333,26.89457129,"female",57,1.5,2
"192",0.48,13.3,24.46644644,"female",57,0,3
"193",0.68,13.4,24.9780684,"female",57,1.31666666666667,3
"194",0.68,13.6154,25.49659497,"female",57,1.48333333333333,3
"195",0.68,14.4022,25.84033275,"female",57,1.41666666666667,3
"196",0.68,14.1,26.14236786,"female",57,1.25,3
"197",0.48,14.3,26.50516187,"female",57,1.31666666666667,3
"198",0.63,17.10066667,23.37219001,"male",59,0,1
"199",0.63,17.8308,25.55893523,"male",59,1.13333333333333,1
"200",0.63,18.42666667,26.73329382,"male",59,1.41666666666667,1
"201",0.63,19.31456667,26.92788679,"male",59,1.36666666666667,1
"202",0.63,19.73353333,26.14149165,"male",59,1.2,1
"203",0.63,20.7104,27.42091583,"male",59,1.56666666666667,1
"204",0.52,24.1585,25.01797055,"male",59,0,2
"205",0.52,24.6392,26.70255341,"male",59,1.36666666666667,2
"206",0.52,25.34416667,26.88004897,"male",59,1.3,2
"207",0.52,25.77913333,26.17188745,"male",59,2.01666666666667,2
"208",0.52,27.4885,26.24677617,"male",59,0.683333333333333,2
"209",0.6,23.38133333,25.00333122,"male",59,0,3
"210",0.6,26.27185,24.39067186,"male",59,1.21666666666667,3
"211",0.6,27.65933333,25.29924344,"male",59,1.51666666666667,3
"212",0.6,28.28705,27.37435337,"male",59,1.28333333333333,3
"213",0.56,28.12966667,26.86455018,"male",59,1.18333333333333,3
"214",0.56,28.9,25.98028663,"male",59,1.56666666666667,3
"215",0.59,20.59388333,24.84718112,"male",61,0,1
"216",0.59,24.0072,25.33250742,"male",61,1.23333333333333,1
"217",0.59,22.49001667,25.25448581,"male",61,1.5,1
"218",0.59,24.77965,24.79685799,"male",61,1.51666666666667,1
"219",0.59,23.5125,25.08093111,"male",61,0.85,1
"220",0.59,23.4436,25.77849277,"male",61,1.51666666666667,1
"221",0.54,20.51408333,24.57559694,"male",61,0,2
"222",0.54,19.35913333,26.33791929,"male",61,0.75,2
"223",0.54,21.01791667,28.74973639,"male",61,1.41666666666667,2
"224",0.54,21.5625,27.13921754,"male",61,1.23333333333333,2
"225",0.54,23.2043,26.57415563,"male",61,1.33333333333333,2
"226",0.54,23.89933333,27.34302145,"male",61,1.5,2
"227",0.34,25.10866667,24.96546614,"male",61,0,3
"228",0.34,28.64683333,22.35145303,"male",61,1.26666666666667,3
"229",0.34,30.38113333,23.36451552,"male",61,1.55,3
"230",0.34,31.29916667,26.96024572,"male",61,1.21666666666667,3
"231",0.34,30.6951,26.31936446,"male",61,1.21666666666667,3
"232",0.34,32.1,26.26982713,"male",61,1.53333333333333,3
"233",0.5,16.48453333,22.36727873,"female",63,0,1
"234",0.5,18.5808,25.66448553,"female",63,1.26666666666667,1
"235",0.5,20,27.1542151,"female",63,1.5,1
"236",0.5,21.4,27.89632076,"female",63,1.18333333333333,1
"237",0.5,21.5924,28.56783512,"female",63,1.26666666666667,1
"238",0.5,23.24733333,30.53317753,"female",63,1.48333333333333,1
"239",0.47,18.86975,25.29739306,"female",63,0,2
"240",0.82,21.2262,26.29945039,"female",63,1.16666666666667,2
"241",0.47,24.46706667,27.60024845,"female",63,1.5,2
"242",0.47,26.38608333,27.34015207,"female",63,1.13333333333333,2
"243",0.82,27.18045,27.2350194,"female",63,1.46666666666667,2
"244",0.82,27.41026667,27.57738202,"female",63,1.38333333333333,2
"245",0.5,19.1,25.10131429,"female",63,0,3
"246",0.75,22.3904,26.49771893,"female",63,1.21666666666667,3
"247",0.5,24.5,27.40230826,"female",63,1.55,3
"248",0.5,25.80013333,28.23183546,"female",63,1.21666666666667,3
"249",0.5,26.6923,28.03741229,"female",63,1.28333333333333,3
"250",0.5,25.70191667,28.4190526,"female",63,1.45,3
"251",0.91,14.9,23.39725,"female",65,0,1
"252",0.91,14.9,23.67749993,"female",65,0.533333333333333,1
"253",0.71,17.9075,24.96156444,"female",65,1.85,1
"254",0.71,17.5526,24.69574953,"female",65,1,1
"255",0.71,18.0852,24.82837638,"female",65,1.13333333333333,1
"256",0.71,19.70796667,25.61424128,"female",65,1.5,1
"257",0.68,12.7,24.15713634,"female",65,0,2
"258",0.68,13.68933333,25.47197245,"female",65,1.23333333333333,2
"259",0.68,17.1256,27.19903781,"female",65,1.5,2
"260",0.68,16.72986667,27.34405721,"female",65,1.43333333333333,2
"261",0.68,16.486,27.52818793,"female",65,1.28333333333333,2
"262",0.68,17.1102,28.19240534,"female",65,1.41666666666667,2
"263",0.83,12.4,25.21859177,"female",65,0,3
"264",0.83,13.0875,26.24442973,"female",65,1.35,3
"265",0.83,13.53758333,24.58571243,"female",65,1.4,3
"266",0.83,13.70036667,24.33253655,"female",65,1.25,3
"267",0.83,13.9,24.37479818,"female",65,1.23333333333333,3
"268",0.83,14,24.37383867,"female",65,1.78333333333333,3
"269",0.48,17.7889,26.10885432,"male",69,0,1
"270",0.48,17.96765,26.92303838,"male",69,1.25,1
"271",0.48,18.4,27.73441237,"male",69,1.51666666666667,1
"272",0.48,20.00386667,28.34241326,"male",69,1.26666666666667,1
"273",0.48,22.09853333,29.54525647,"male",69,1.16666666666667,1
"274",0.48,22.3917,30.05990083,"male",69,1.48333333333333,1
"275",0.48,21.4,26.70196215,"male",69,0,2
"276",0.44,21.9965,27.35037024,"male",69,1.21666666666667,2
"277",0.44,22.6,28.24537882,"male",69,1.5,2
"278",0.44,23.441,28.78665461,"male",69,1.25,2
"279",0.44,25.5,30.06607447,"male",69,1.28333333333333,2
"280",0.44,25.9,30.71856273,"male",69,1.51666666666667,2
"281",0.29,24.2,26.69347564,"male",69,0,3
"282",0.25,26.106,27.47902812,"male",69,1.31666666666667,3
"283",0.25,28.2285,28.3621999,"male",69,1.33333333333333,3
"284",0.25,28.458,28.93083285,"male",69,1.45,3
"285",0.25,28.4872,29.29419546,"male",69,1.11666666666667,3
"286",0.25,31,30.30748821,"male",69,1.5,3
"287",0.56,17.21343333,24.97856222,"female",71,0,1
"288",0.56,18.66235,26.56033605,"female",71,1.31666666666667,1
"289",0.56,19.1636,27.5345861,"female",71,1.43333333333333,1
"290",0.56,20.5252,27.96328595,"female",71,1.36666666666667,1
"291",0.56,21.9534,29.43988283,"female",71,1.1,1
"292",0.56,22.76,30.32253545,"female",71,1.48333333333333,1
"293",0.46,20.1114,25.73935367,"female",71,0,2
"294",0.46,23.40213333,26.7878609,"female",71,1.18333333333333,2
"295",0.46,26.5089,28.67663882,"female",71,1.48333333333333,2
"296",0.46,27.5775,29.64607644,"female",71,1.26666666666667,2
"297",0.46,29.08806667,30.21850014,"female",71,1.21666666666667,2
"298",0.46,30.12596667,30.46330373,"female",71,1.46666666666667,2
"299",0.34,22.06879437,24.14222713,"male",75,0,1
"300",0.34,22.96869484,25.06967192,"male",75,1.16666666666667,1
"301",0.34,24.14014272,26.5254047,"male",75,1.53333333333333,1
"302",0.34,25.07499906,27.05697136,"male",75,1.21666666666667,1
"303",0.34,26.05461596,27.75653915,"male",75,1.26666666666667,1
"304",0.34,26.2264,28.27457086,"male",75,1.48333333333333,1
"305",0.34,22.5775,26.67727382,"male",75,0,2
"306",0.34,22.88918333,24.76109841,"male",75,1.46666666666667,2
"307",0.34,23.92843333,26.9100087,"male",75,2.33333333333333,2
"308",0.34,23.62666667,27.03167213,"male",75,0.2,2
"309",0.34,25,26.18638998,"male",75,1.45,2
"310",0.55,17.2873,25.74715726,"male",85,0,1
"311",0.55,17.61995,27.24300338,"male",85,1.23333333333333,1
"312",0.55,19.51775,27.90097005,"male",85,1.43333333333333,1
"313",0.55,20.489,28.38052435,"male",85,1.33333333333333,1
"314",0.55,22.839,29.36760711,"male",85,1.23333333333333,1
"315",0.55,23.68635,29.90100701,"male",85,1.5,1
"316",0.55,13.3,25.00866221,"male",85,0,2
"317",0.55,13.4,26.13651925,"male",85,1.36666666666667,2
"318",0.55,13.6364,27.09650391,"male",85,1.45,2
"319",0.55,14.4,28.18483333,"male",85,1.46666666666667,2
"320",0.55,14.1,28.78781986,"male",85,1.3,2
"321",0.55,14.33086667,29.35437117,"male",85,1.18333333333333,2
"322",0.55,14.20193333,24.6026385,"male",85,0,3
"323",0.55,14.3235,25.02932743,"male",85,1.18333333333333,3
"324",0.55,16.01453333,26.09370026,"male",85,1.5,3
"325",0.55,16.8,26.52529876,"male",85,1.4,3
"326",0.55,16.4,26.89047242,"male",85,1.18333333333333,3
"327",0.55,17.7438,27.68789342,"male",85,1.45,3
"328",0.53,17.5,24.50024779,"male",87,0,1
"329",0.53,19.4,24.80271703,"male",87,1.08333333333333,1
"330",0.53,21.5485,26.7324655,"male",87,1.51666666666667,1
"331",0.53,21.9,26.64465194,"male",87,1.21666666666667,1
"332",0.53,21.3705,26.1435,"male",87,1.3,1
"333",0.53,18.2966,27.24072851,"male",87,1.41666666666667,1
"334",0.56,20.639,24.09285819,"male",87,0,2
"335",0.56,21.7,24.20378272,"male",87,1.2,2
"336",0.56,25.2766,25.07887499,"male",87,1.55,2
"337",0.56,26.382,27.87043566,"male",87,2.48333333333333,2
"338",0.56,23.9012,28.04348569,"male",87,1.5,2
"339",0.56,13.3692,24.28144578,"male",87,0,3
"340",0.56,16.6,25.37488141,"male",87,1.25,3
"341",0.56,18.32466667,26.90162949,"male",87,1.46666666666667,3
"342",0.56,19.7,27.79078745,"male",87,1.41666666666667,3
"343",0.52,20.4,25.06541898,"male",87,1.11666666666667,3
"344",0.56,21.80353333,24.19675167,"male",87,1.5,3
"345",0.62,20.02153333,25.47058899,"female",89,0,1
"346",0.62,21.84166667,26.42278699,"female",89,1.21666666666667,1
"347",0.62,24.6,27.99144393,"female",89,1.53333333333333,1
"348",0.62,25.47245,28.07861631,"female",89,1.21666666666667,1
"349",0.62,22.271,28.07505392,"female",89,1.16666666666667,1
"350",0.62,23.7135,28.08107661,"female",89,1.51666666666667,1
"351",0.57,21.5744,25.87944781,"female",89,0,2
"352",0.57,20.98633333,25.60426497,"female",89,1.16666666666667,2
"353",0.57,23.3095,26.84430257,"female",89,1.63333333333333,2
"354",0.57,24.3308,27.39514275,"female",89,1.11666666666667,2
"355",0.57,20.8664,26.87441178,"female",89,1.21666666666667,2
"356",0.57,20.6765,27.5018594,"female",89,1.53333333333333,2
"357",0.58,16.9699,24.59494784,"female",89,0,3
"358",0.58,18.9303,25.46718322,"female",89,1.3,3
"359",0.58,19.0392,26.7242476,"female",89,1.46666666666667,3
"360",0.58,20.9,28.21084114,"female",89,1.66666666666667,3
"361",0.58,21.50781667,28.91420289,"female",89,0.8,3
"362",0.58,22.81963333,29.06708061,"female",89,1.75,3
"363",0.84,16.62925,26.01876122,"male",91,0,1
"364",0.84,18.6,26.67636126,"male",91,1.21666666666667,1
"365",0.84,20,26.85704014,"male",91,1.46666666666667,1
"366",0.84,21.2706,27.11574586,"male",91,1.25,1
"367",0.84,21.84375,27.8443797,"male",91,1.25,1
"368",0.84,23.33333333,28.43180937,"male",91,1.4,1
"369",0.56,17.75783333,24.74597568,"male",91,0,2
"370",0.56,20.52828333,25.95326421,"male",91,1.28333333333333,2
"371",0.56,22.96716667,27.60916344,"male",91,1.56666666666667,2
"372",0.56,24.46416667,28.70073693,"male",91,1.15,2
"373",0.56,25.4755,27.71680555,"male",91,1.33333333333333,2
"374",0.56,26.1768,27.25266568,"male",91,1.45,2
"375",0.51,18.31001667,24.64887513,"male",91,0,3
"376",0.51,20.8515,26.81925182,"male",91,1.23333333333333,3
"377",0.51,24.2938,28.35484471,"male",91,1.55,3
"378",0.51,26.6,27.50002705,"male",91,1.25,3
"379",0.51,27.2877,27.08099205,"male",91,1.23333333333333,3
"380",0.51,27.5853,29.10582803,"male",91,1.48333333333333,3
"381",0.55,17.5,24.71723141,"male",93,0,1
"382",0.55,19.4926,25.07717593,"male",93,1.23333333333333,1
"383",0.55,21.74451667,26.43114291,"male",93,1.56666666666667,1
"384",0.55,21.9,26.42348747,"male",93,1.15,1
"385",0.55,21.39933333,25.77052217,"male",93,1.33333333333333,1
"386",0.55,18.153,26.70754919,"male",93,1.45,1
"387",0.47,14.79786667,24.35216978,"male",93,0,2
"388",0.47,14.90435,25.48901294,"male",93,1.13333333333333,2
"389",0.47,17.88643333,28.00310157,"male",93,1.66666666666667,2
"390",0.47,17.7,26.80587795,"male",93,1.35,2
"391",0.47,18.08816667,27.16058464,"male",93,1.21666666666667,2
"392",0.47,19.59683333,28.13264785,"male",93,1.41666666666667,2
"393",0.47,20.73733333,25.31507785,"male",93,0,3
"394",0.47,21.8,25.72241813,"male",93,1.3,3
"395",0.47,25.44393333,27.33601895,"male",93,1.46666666666667,3
"396",0.47,26.6661,27.87283725,"male",93,1.16666666666667,3
"397",0.47,26.34766667,26.69523665,"male",93,1.3,3
"398",0.47,24.1392,25.60215113,"male",93,1.41666666666667,3
"399",0.54,15.1,23.75187152,"male",99,0,1
"400",0.54,16.0712,24.54128878,"male",99,1.16666666666667,1
"401",0.54,17.6,26.12405405,"male",99,1.58333333333333,1
"402",0.54,19.91315,26.54720649,"male",99,1.18333333333333,1
"403",0.54,21.81026667,27.23718243,"male",99,1.2,1
"404",0.54,22.3338,28.21564206,"male",99,1.51666666666667,1
"405",0.52,16.90883333,24.28650131,"male",99,0,2
"406",0.52,20.24733333,25.48099356,"male",99,1.23333333333333,2
"407",0.52,22.6136,27.18070616,"male",99,1.43333333333333,2
"408",0.52,23.49651667,27.80886468,"male",99,1.33333333333333,2
"409",0.52,24.8,28.37079397,"male",99,1.2,2
"410",0.52,25.26075,29.03002903,"male",99,1.56666666666667,2
"411",0.47,19.49566667,24.30487107,"male",99,0,3
"412",0.47,20.2,24.94564742,"male",99,1.25,3
"413",0.47,23.49883333,26.7780465,"male",99,1.5,3
"414",0.47,24.5354,27.76488955,"male",99,1.23333333333333,3
"415",0.47,25.36346667,26.76609104,"male",99,1.26666666666667,3
"416",0.47,25.984,25.02071983,"male",99,1.51666666666667,3
"417",0.48,18.12686667,24.84492235,"male",105,0,1
"418",0.48,19.9,26.2504138,"male",105,1.21666666666667,1
"419",0.48,20.4085,27.56266724,"male",105,1.51666666666667,1
"420",0.48,21.214,27.6925799,"male",105,1.2,1
"421",0.48,22.06916667,27.83652172,"male",105,1.26666666666667,1
"422",0.48,21.4,28.2888418,"male",105,1.43333333333333,1
"423",0.51,15.6934,24.82197611,"male",105,0,2
"424",0.51,16.7915,26.10424738,"male",105,1.28333333333333,2
"425",0.51,17.5,26.65194699,"male",105,1.45,2
"426",0.51,17.84216667,26.91768246,"male",105,1.31666666666667,2
"427",0.51,17.5,27.44459218,"male",105,1.26666666666667,2
"428",0.51,18.19383333,27.63286872,"male",105,1.38333333333333,2
"429",0.48,17.1,25.52053498,"male",105,0,3
"430",0.48,18.1406,24.07092655,"male",105,1.21666666666667,3
"431",0.48,19.2,27.35860083,"male",105,1.51666666666667,3
"432",0.48,19.26255,27.91197167,"male",105,1.25,3
"433",0.48,19.9,28.54991972,"male",105,1.2,3
"434",0.48,19.8,28.82508781,"male",105,1.55,3
"435",0.52,10.43716667,23.61423018,"male",107,0,1
"436",0.52,10.93183333,25.61722122,"male",107,1.15,1
"437",0.52,9.337333333,27.35138983,"male",107,1.55,1
"438",0.52,14.10085,23.60482782,"male",107,2.41666666666667,1
"439",0.52,14.83325,23.43175952,"male",107,1.6,1
"440",0.52,12.80136667,23.42077851,"male",107,0,2
"441",0.52,14.35666667,23.40605592,"male",107,1.61666666666667,2
"442",0.52,15.14305,23.39442379,"male",107,1.28333333333333,2
"443",0.52,13.21653333,22.77818526,"male",107,0,3
"444",0.52,15.19946667,22.33759579,"male",107,1.15,3
"445",0.52,16.99243333,22.94065254,"male",107,1.53333333333333,3
"446",0.52,18.9305,24.52715169,"male",107,1.26666666666667,3
"447",0.52,17.9424,23.15866316,"male",107,1.23333333333333,3
"448",0.52,18.6025,22.93550032,"male",107,1.58333333333333,3
"449",0.48,23.5,27.77094323,"male",107,0,4
"450",0.48,26.47933333,28.00389128,"male",107,1.53333333333333,4
"451",0.79,20.346,24.01004034,"female",111,0,1
"452",0.79,21.032,24.93871761,"female",111,1.16666666666667,1
"453",0.51,22.4595,26.82106456,"female",111,1.51666666666667,1
"454",0.51,23.18226667,27.22740287,"female",111,1.26666666666667,1
"455",0.51,23.46453333,26.0582907,"female",111,1.2,1
"456",0.51,23.22928333,25.26211311,"female",111,1.56666666666667,1
"457",0.74,16.63566667,23.62601952,"female",111,0,2
"458",0.74,19.6,25.93413564,"female",111,1.25,2
"459",0.74,17.16666667,26.94648121,"female",111,1.48333333333333,2
"460",0.54,16.9,27.15104857,"female",111,1.26666666666667,2
"461",0.54,15.973,26.66838901,"female",111,1.3,2
"462",0.54,20.64216667,27.88749727,"female",111,1.43333333333333,2
"463",0.89,14.6,25.07238963,"female",111,0,3
"464",0.89,15,25.47027039,"female",111,1.16666666666667,3
"465",0.89,15.3,26.36750608,"female",111,1.48333333333333,3
"466",0.54,18.20991667,26.12871352,"female",111,1.25,3
"467",0.54,16.5025,25.4640864,"female",111,1.26666666666667,3
"468",0.54,17.984,25.13826338,"female",111,1.48333333333333,3
"469",0.3,20.70266667,24.66715302,"female",113,0,1
"470",0.3,22.338,26.13055661,"female",113,1.31666666666667,1
"471",0.3,23.2,29.37781424,"female",113,1.46666666666667,1
"472",0.3,22.94483333,27.6597602,"female",113,1.23333333333333,1
"473",0.3,23.6625,27.35116504,"female",113,1.26666666666667,1
"474",0.3,24.9,27.03153555,"female",113,1.46666666666667,1
"475",0.3,20.4619,23.45689723,"female",113,0,2
"476",0.3,21.28403333,24.1283849,"female",113,1.18333333333333,2
"477",0.3,22.5,25.51727241,"female",113,1.53333333333333,2
"478",0.3,23.48546667,27.91471399,"female",113,1.26666666666667,2
"479",0.28,23.2073,28.81820292,"female",113,1.25,2
"480",0.3,23.1445,28.67374796,"female",113,1.28333333333333,2
"481",0.3,16.90033333,24.99849795,"female",113,0,3
"482",0.3,18,26.75273727,"female",113,1.23333333333333,3
"483",0.28,17.6293,27.6530806,"female",113,1.5,3
"484",0.28,17.53916667,26.86328617,"female",113,1.3,3
"485",0.28,18,28.33650148,"female",113,1.2,3
"486",0.28,18.7,28.95019215,"female",113,1.53333333333333,3
"487",0.51,19.57966667,26.95627526,"male",119,0,1
"488",0.51,20.618,27.82549908,"male",119,0.916666666666667,1
"489",0.51,22.407,29.13549175,"male",119,1.48333333333333,1
"490",0.51,21.3,28.78975491,"male",119,1.21666666666667,1
"491",0.51,24.34323333,29.54759319,"male",119,1.38333333333333,1
"492",0.51,19.53893333,29.73157667,"male",119,1.31666666666667,1
"493",0.5,20.80733333,25.91042848,"male",119,0,2
"494",0.5,24.0026,27.59313848,"male",119,1.33333333333333,2
"495",0.5,25.60773333,28.13075408,"male",119,1.38333333333333,2
"496",0.5,24.71083333,28.15782272,"male",119,1.26666666666667,2
"497",0.5,25.48683333,28.78618594,"male",119,1.28333333333333,2
"498",0.5,25.69386667,29.72659148,"male",119,1.43333333333333,2
"499",0.5,21.85931667,25.3361831,"male",119,0,3
"500",0.5,22.0414,25.95685886,"male",119,1.25,3
"501",0.5,23.15516667,26.49779409,"male",119,1.41666666666667,3
"502",0.5,24.0334,27.77370389,"male",119,1.31666666666667,3
"503",0.5,26.0104,28.72078024,"male",119,1.2,3
"504",0.5,27.5,29.95426275,"male",119,1.81666666666667,3
"505",0.91,17.2795,24.30093784,"female",123,0,1
"506",0.91,19.3949,24.60523286,"female",123,1.2,1
"507",0.91,19.4,24.51420913,"female",123,1.53333333333333,1
"508",0.91,19.2048,25.92796945,"female",123,1.21666666666667,1
"509",0.91,17.5,26.71854563,"female",123,1.25,1
"510",0.91,16.45066667,27.5770217,"female",123,1.5,1
"511",0.83,18.4014,24.31731413,"female",123,0,2
"512",0.83,19.18695,26.03844234,"female",123,1.25,2
"513",0.83,18.0655,27.91083809,"female",123,1.51666666666667,2
"514",0.83,19.6,26.95031745,"female",123,1.25,2
"515",0.83,21.64816667,27.29622472,"female",123,1.36666666666667,2
"516",0.83,21.425,27.37281392,"female",123,1.43333333333333,2
"517",0.88,15.6,25.07900597,"female",123,0,3
"518",0.88,16.98946667,25.87772314,"female",123,1.2,3
"519",0.88,18.98045,26.73571446,"female",123,1.55,3
"520",0.88,19.1129,26.52338434,"female",123,1.23333333333333,3
"521",0.88,19.52003333,26.57602469,"female",123,1.25,3
"522",0.88,19.4,26.12349698,"female",123,1.48333333333333,3
"523",0.84,17.0259,24.1374942,"female",125,0,1
"524",0.84,18,25.12364425,"female",125,1.23333333333333,1
"525",0.84,17.6,27.02158887,"female",125,1.53333333333333,1
"526",0.64,17.4677,25.98289064,"female",125,1.21666666666667,1
"527",0.64,18,25.2152521,"female",125,1.23333333333333,1
"528",0.64,18.70416667,24.85979014,"female",125,1.53333333333333,1
"529",0.76,16.76566667,23.49437665,"female",125,0,2
"530",0.72,19.37576667,24.46655841,"female",125,1.25,2
"531",0.72,16.92006667,25.36364296,"female",125,1.51666666666667,2
"532",0.72,16.8678,26.58202503,"female",125,1.23333333333333,2
"533",0.72,16.47983333,27.80650854,"female",125,1.3,2
"534",0.52,20.46816667,28.67738355,"female",125,1.43333333333333,2
"535",0.69,14.64416667,26.16336923,"female",125,0,3
"536",0.69,15,26.55056018,"female",125,1.21666666666667,3
"537",0.69,15.3,26.12281812,"female",125,1.51666666666667,3
"538",0.89,18.23513333,26.79880182,"female",125,1.25,3
"539",0.89,16.4122,26.21509362,"female",125,1.3,3
"540",0.89,17.91425,26.0217086,"female",125,1.45,3
"541",0.56,16.47813333,25.93293603,"male",127,0,1
"542",0.56,18.4904,26.52699599,"male",127,1.21666666666667,1
"543",0.56,20,26.87265431,"male",127,1.56666666666667,1
"544",0.56,21.2954,27.10311404,"male",127,1.21666666666667,1
"545",0.56,21.80546667,27.82491078,"male",127,1.25,1
"546",0.56,23.32966667,28.43323468,"male",127,1.41666666666667,1
"547",0.59,17.664,24.46008515,"male",127,0,2
"548",0.59,20.42813333,26.85620282,"male",127,1.28333333333333,2
"549",0.59,22.86698333,28.27959085,"male",127,1.58333333333333,2
"550",0.59,24.4063,28.37184919,"male",127,1.15,2
"551",0.59,25.7,27.29392083,"male",127,1.25,2
"552",0.59,26.0332,28.29339889,"male",127,1.51666666666667,2
"553",0.37,18.2456,24.57769501,"male",127,0,3
"554",0.37,21.0918,26.94269797,"male",127,1.3,3
"555",0.37,24.12475,28.31226093,"male",127,1.45,3
"556",0.37,26.612,27.55139125,"male",127,1.36666666666667,3
"557",0.37,27.1391,27.08008469,"male",127,1.21666666666667,3
"558",0.37,27.4098,29.17628978,"male",127,1.5,3
"559",0.52,17.2,25.88978089,"male",129,0,1
"560",0.52,17.843,27.27383488,"male",129,1.2,1
"561",0.52,19.678,27.99200245,"male",129,1.5,1
"562",0.52,20.6762,28.50115991,"male",129,1.38333333333333,1
"563",0.52,22.8467,29.36697839,"male",129,1.06666666666667,1
"564",0.52,23.70226667,29.93418875,"male",129,1.55,1
"565",0.49,13.2984,25.218837,"male",129,0,2
"566",0.49,13.4,26.16991844,"male",129,1.23333333333333,2
"567",0.49,13.6,27.13219889,"male",129,1.51666666666667,2
"568",0.49,14.4,28.18383333,"male",129,1.36666666666667,2
"569",0.49,14.1,28.72955041,"male",129,1.23333333333333,2
"570",0.49,14.3,29.40534345,"male",129,1.31666666666667,2
"571",0.44,18.0996,24.50366154,"male",129,0,3
"572",0.44,19.67583333,25.05478409,"male",129,1.16666666666667,3
"573",0.44,22.48561667,26.25172725,"male",129,1.55,3
"574",0.44,24.59211667,28.93022422,"male",129,1.26666666666667,3
"575",0.44,25.0056,29.99516655,"male",129,1.25,3
"576",0.44,26.3,31.0487772,"male",129,1.46666666666667,3
"577",0.51,20.78613333,24.10745693,"male",137,0,1
"578",0.51,23.5485,24.46312669,"male",137,1.1,1
"579",0.51,24.40166667,26.06241595,"male",137,1.53333333333333,1
"580",0.51,25.32333333,25.99184846,"male",137,1.28333333333333,1
"581",0.51,26.7565,26.37010609,"male",137,1.31666666666667,1
"582",0.51,27.2964,26.0467004,"male",137,1.38333333333333,1
"583",0.48,23.15346667,24.68053457,"male",137,0,2
"584",0.48,26.1762,23.81450759,"male",137,1.23333333333333,2
"585",0.48,27.56971667,24.17769536,"male",137,1.46666666666667,2
"586",0.44,28.06856667,26.83505036,"male",137,1.28333333333333,2
"587",0.44,28.17125,24.59440344,"male",137,1.21666666666667,2
"588",0.48,28.9,23.28267114,"male",137,1.53333333333333,2
"589",0.67,17.81,26.49916891,"female",141,0,1
"590",0.67,18,27.14610952,"female",141,1,1
"591",0.67,18.31266667,27.84432816,"female",141,1.58333333333333,1
"592",0.67,19.9,27.99286833,"female",141,1.21666666666667,1
"593",0.67,21.87531667,28.9649234,"female",141,1.21666666666667,1
"594",0.67,22.10916667,29.61314191,"female",141,1.46666666666667,1
"595",0.48,21.4,26.71520706,"female",141,0,2
"596",0.48,22,27.33216268,"female",141,1.18333333333333,2
"597",0.83,22.6,28.26055499,"female",141,1.55,2
"598",0.83,23.59986667,28.92716384,"female",141,1.3,2
"599",0.48,25.5,30.06533184,"female",141,1.21666666666667,2
"600",0.48,26.0515,30.85357944,"female",141,1.61666666666667,2
"601",0.4,20.207,26.35563199,"female",141,0,3
"602",0.36,24.59081667,27.5442286,"female",141,1.15,3
"603",0.4,25.35805,28.92279133,"female",141,1.55,3
"604",0.4,27.304,30.32963852,"female",141,1.3,3
"605",0.36,28.70483333,30.73258696,"female",141,1.23333333333333,3
"606",0.34,28.54133333,30.90707798,"female",141,1.5,3
"607",0.59,19.7,24.70609587,"male",145,0,1
"608",0.59,24.1058,27.5449992,"male",145,2.78333333333333,1
"609",0.59,21.3,27.66910059,"male",145,1.2,1
"610",0.59,24.2948,28.14190491,"male",145,1.2,1
"611",0.55,22.5505,28.5123407,"male",145,1.48333333333333,1
"612",0.59,19.79966667,25.16977259,"male",145,0,2
"613",0.55,21.93416667,23.60638831,"male",145,1.23333333333333,2
"614",0.55,24.0534,24.11078721,"male",145,1.5,2
"615",0.55,25.56808333,25.7253072,"male",145,1.26666666666667,2
"616",0.55,22.3848,24.84766367,"male",145,1.16666666666667,2
"617",0.55,23.37535,23.90721473,"male",145,1.56666666666667,2
"618",0.51,17.12153333,26.83116716,"female",149,0,1
"619",0.76,19.28201667,26.88273203,"female",149,1.21666666666667,1
"620",0.76,19.4512,26.94618654,"female",149,1.5,1
"621",0.76,19.108,26.99778666,"female",149,1.23333333333333,1
"622",0.76,17.5,27.05084361,"female",149,1.25,1
"623",0.76,16.6221,27.27146974,"female",149,1.48333333333333,1
"624",0.96,18.411,24.07848901,"female",149,0,2
"625",0.96,19.01246667,25.26685006,"female",149,1.21666666666667,2
"626",0.96,17.92755,25.87019538,"female",149,1.51666666666667,2
"627",0.96,19.6,25.8804521,"female",149,1.25,2
"628",0.96,21.4609,26.27615982,"female",149,1.31666666666667,2
"629",0.96,21.29405,27.84271507,"female",149,1.45,2
"630",0.6,15.53666667,25.30700328,"female",149,0,3
"631",0.6,16.67333333,25.67745402,"female",149,1.2,3
"632",0.85,18.82368333,25.25853381,"female",149,1.53333333333333,3
"633",0.85,18.9988,25.6793836,"female",149,1.2,3
"634",0.85,19.41773333,25.51676366,"female",149,1.3,3
"635",0.85,19.49123333,24.67342049,"female",149,1.46666666666667,3
"636",0.34,22.14871667,24.79394037,"male",153,0,1
"637",0.34,24.41313333,25.6214186,"male",153,1.16666666666667,1
"638",0.34,26.3944,27.52226706,"male",153,1.63333333333333,1
"639",0.34,27.66373333,28.21769074,"male",153,1.03333333333333,1
"640",0.34,26.45616667,28.96725379,"male",153,1.31666666666667,1
"641",0.34,26.6,29.43489024,"male",153,1.45,1
"642",0.59,16.9056,26.68151601,"male",153,0,2
"643",0.59,17.64046667,26.61054626,"male",153,1.28333333333333,2
"644",0.59,18.41495,26.85183287,"male",153,1.43333333333333,2
"645",0.59,19.55775,27.13586999,"male",153,1.23333333333333,2
"646",0.59,21.36013333,28.39865604,"male",153,1.53333333333333,2
"647",0.59,22.76166667,28.30976267,"male",153,1.15,2
"648",0.59,19.29175,24.8941145,"male",153,0,3
"649",0.59,22.81833333,25.91023702,"male",153,1.35,3
"650",0.59,23.82233333,27.1383326,"male",153,1.45,3
"651",0.59,24.5866,28.49418945,"male",153,1.21666666666667,3
"652",0.59,24.89656667,29.41740035,"male",153,1.16666666666667,3
"653",0.59,25.54406667,29.557251,"male",153,1.5,3
"654",0.61,18.24538,25,"female",157,0,1
"655",0.58,19.9,26.33798936,"female",157,1.2,1
"656",0.58,20.77435,27.38937636,"female",157,1.6,1
"657",0.33,21.7,27.68967519,"female",157,1.18333333333333,1
"658",0.33,21.99688333,28.13695832,"female",157,1.21666666666667,1
"659",0.33,21.5541,28.0338145,"female",157,1.43333333333333,1
"660",0.82,15.69835,24.82138593,"female",157,0,2
"661",0.82,16.8,26.04368564,"female",157,1.25,2
"662",0.82,17.5,26.6246443,"female",157,1.48333333333333,2
"663",0.82,17.79263333,26.99848001,"female",157,1.38333333333333,2
"664",0.82,17.47471667,27.46851598,"female",157,1.23333333333333,2
"665",0.82,18.1704,27.63604036,"female",157,1.35,2
"666",0.51,17.1,25.49102052,"female",157,0,3
"667",0.71,18.1262,26.9397036,"female",157,1.25,3
"668",0.71,19.2,27.35860083,"female",157,1.46666666666667,3
"669",0.71,19.3,27.96749771,"female",157,1.3,3
"670",0.51,19.89775,28.54074018,"female",157,1.15,3
"671",0.51,19.8,28.81764761,"female",157,1.6,3
"672",0.44,17.50612113,24.46361259,"female",167,0,1
"673",0.44,17.46778548,25.33379329,"female",167,1.15,1
"674",0.49,17.41430421,26.99420572,"female",167,1.6,1
"675",0.44,17.37855756,27.42683141,"female",167,1.08333333333333,1
"676",0.44,17.33268608,28.99209583,"female",167,1.38333333333333,1
"677",0.44,17.2846417,29.59936025,"female",167,1.43333333333333,1
"678",0.3,25.521,24.75738839,"female",167,0,2
"679",0.3,28.7474,25.99463564,"female",167,1.23333333333333,2
"680",0.3,30.45133333,29.41934089,"female",167,1.58333333333333,2
"681",0.3,31.04308333,28.28477468,"female",167,1.2,2
"682",0.3,30.69481667,27.70215739,"female",167,1.23333333333333,2
"683",0.3,32.08826667,27.25171925,"female",167,1.43333333333333,2
"684",0.3,26.63625,25.73277034,"female",167,0,3
"685",0.3,30.62606667,26.84649757,"female",167,1.21666666666667,3
"686",0.3,33.5324,28.6946943,"female",167,1.56666666666667,3
"687",0.3,35.4619,28.67646711,"female",167,1.21666666666667,3
"688",0.3,35.9974,27.90042641,"female",167,1.23333333333333,3
"689",0.3,36.2338,26.75977539,"female",167,1.53333333333333,3
"690",0.51,24.297,25.67271784,"male",171,0,1
"691",0.51,27.21493333,25.82234468,"male",171,1.26666666666667,1
"692",0.51,28.78733333,27.28848696,"male",171,1.48333333333333,1
"693",0.51,27.4742,27.42994714,"male",171,1.16666666666667,1
"694",0.51,22.62025,27.83595468,"male",171,1.31666666666667,1
"695",0.51,23.6,28.30154387,"male",171,1.43333333333333,1
"696",0.51,17.1,23.88360078,"male",171,0,2
"697",0.51,17.70045,24.13867665,"male",171,1.15,2
"698",0.47,18.59333333,24.54281547,"male",171,1.56666666666667,2
"699",0.51,19.42766667,24.76025454,"male",171,1.18333333333333,2
"700",0.51,19.8,24.46035954,"male",171,1.25,2
"701",0.51,20.34346667,24.94326621,"male",171,1.51666666666667,2
"702",0.47,18.41333333,25.48250105,"male",171,0,3
"703",0.47,19.5989,24.75974584,"male",171,1.18333333333333,3
"704",0.47,20.50735,25.0051985,"male",171,1.58333333333333,3
"705",0.47,21.22866667,26.55184341,"male",171,1.28333333333333,3
"706",0.47,22.36136667,25.85055587,"male",171,1.21666666666667,3
"707",0.47,22.49413333,25.25877559,"male",171,1.45,3
"708",0.56,17.80106667,26.50921173,"female",173,0,1
"709",0.56,18,27.16762108,"female",173,1.01666666666667,1
"710",0.56,18.31383333,27.84421759,"female",173,1.58333333333333,1
"711",0.52,19.90073333,28.02234493,"female",173,1.25,1
"712",0.52,21.87408333,28.96450732,"female",173,1.18333333333333,1
"713",0.52,22.2182,29.60539822,"female",173,1.5,1
"714",0.43,21.47716667,26.88447588,"female",173,0,2
"715",0.43,21.92133333,27.37088048,"female",173,1.16666666666667,2
"716",0.43,22.50513333,28.32543687,"female",173,1.55,2
"717",0.43,23.5201,28.85588632,"female",173,1.21666666666667,2
"718",0.43,25.49766667,30.05353592,"female",173,1.23333333333333,2
"719",0.37,25.9,30.76520251,"female",173,1.56666666666667,2
"720",0.25,20.2,26.31435655,"female",173,0,3
"721",0.25,24.51428333,27.2338363,"female",173,1.23333333333333,3
"722",0.25,25.24316667,27.57461064,"female",173,1.48333333333333,3
"723",0.25,27.21013333,27.7806142,"female",173,1.26666666666667,3
"724",0.23,28.69515,28.3398962,"female",173,1.25,3
"725",0.25,29.049,28.42930867,"female",173,1.7,3
"726",0.48,25.3145,25.81021121,"male",183,0,1
"727",0.48,28.3,27.03634781,"male",183,1.4,1
"728",0.48,30.189,26.80748408,"male",183,1.33333333333333,1
"729",0.48,30.8495,26.57396793,"male",183,1.26666666666667,1
"730",0.48,30.5007,28.45156633,"male",183,1.21666666666667,1
"731",0.48,29.5,27.06899667,"male",183,1.46666666666667,1
"732",0.48,25,27.15321656,"male",183,0,2
"733",0.48,27.2958,28.43080106,"male",183,1.16666666666667,2
"734",0.48,28.1245,29.53362164,"male",183,1.46666666666667,2
"735",0.48,28.5077,29.90802468,"male",183,1.33333333333333,2
"736",0.48,29.60648333,30.78800552,"male",183,1.08333333333333,2
"737",0.48,29.69433333,31.34415812,"male",183,1.55,2
"738",0.48,22.7,27.11123704,"male",183,0,3
"739",0.48,24.5699,28.63246508,"male",183,1.26666666666667,3
"740",0.48,25.8275,28.77779432,"male",183,1.3,3
"741",0.48,27.05,28.74890605,"male",183,1.21666666666667,3
"742",0.48,28.98075,29.66005351,"male",183,1.65,3
"743",0.48,28.6372,30.09608811,"male",183,1.1,3
"744",0.59,15.7009,24.87940156,"male",187,0,1
"745",0.59,16.7,25.53083286,"male",187,1.25,1
"746",0.55,17.72123333,26.48490419,"male",187,1.51666666666667,1
"747",0.55,17.9586,26.84130708,"male",187,1.13333333333333,1
"748",0.59,17.30315,26.89446375,"male",187,1.5,1
"749",0.59,18.09445,27.40568323,"male",187,1.36666666666667,1
"750",0.59,17.1208,24.80167169,"male",187,0,2
"751",0.59,18.3239,24.03499048,"male",187,1.28333333333333,2
"752",0.59,19.2,26.14846794,"male",187,1.43333333333333,2
"753",0.59,19.3,27.69868888,"male",187,1.31666666666667,2
"754",0.55,19.9,28.55375279,"male",187,1.23333333333333,2
"755",0.59,19.8,29.24464501,"male",187,1.38333333333333,2
"756",0.56,18.26916667,24.29522761,"male",187,0,3
"757",0.56,19.96595,25.02179791,"male",187,1.23333333333333,3
"758",0.56,22.57933333,26.79785965,"male",187,1.46666666666667,3
"759",0.52,24.19795,27.99984159,"male",187,1.23333333333333,3
"760",0.52,25.90956667,27.82157152,"male",187,1.28333333333333,3
"761",0.56,26.141,28.55673109,"male",187,1.48333333333333,3
"762",0.51,19.52626667,24.55346038,"male",189,0,1
"763",0.51,22.63363333,25.46873698,"male",189,1.11666666666667,1
"764",0.51,24.69588333,27.67608912,"male",189,1.63333333333333,1
"765",0.51,25.54293333,28.42423356,"male",189,1.2,1
"766",0.51,25.97846667,27.56403792,"male",189,1.26666666666667,1
"767",0.51,27.149,27.080166,"male",189,1.46666666666667,1
"768",0.59,18.0691,23.38394233,"male",189,0,2
"769",0.59,21.1,24.54809838,"male",189,1.26666666666667,2
"770",0.59,22.89566667,26.15263355,"male",189,1.46666666666667,2
"771",0.55,23.3467,28.55490551,"male",189,1.28333333333333,2
"772",0.55,24.13568333,27.72732061,"male",189,1.25,2
"773",0.55,24.518,27.94516528,"male",189,1.45,2
"774",0.58,15.1,24.83150615,"female",193,0,1
"775",0.58,16.56538333,25.89737183,"female",193,1.1,1
"776",0.58,17.73105,28.009,"female",193,1.6,1
"777",0.55,20.56433333,27.31363132,"female",193,1.11666666666667,1
"778",0.58,21.9108,27.96907848,"female",193,1.21666666666667,1
"779",0.58,23.35933333,27.83157565,"female",193,1.55,1
"780",0.72,19.5967,23.98481411,"female",193,0,2
"781",0.72,20.1506,24.60524078,"female",193,1.25,2
"782",0.68,23.5114,26.64670143,"female",193,1.5,2
"783",0.66,24.57733333,27.79163392,"female",193,1.25,2
"784",0.66,25.6905,28.07974741,"female",193,1.31666666666667,2
"785",0.66,25.20525,27.66774393,"female",193,1.46666666666667,2
"786",0.72,22.2077,26.40117021,"female",199,0,1
"787",0.72,24.4885,26.71821354,"female",199,0.966666666666667,1
"788",0.72,26.179,28.13364883,"female",199,1.61666666666667,1
"789",0.72,27.3867,29.45967246,"female",199,1.11666666666667,1
"790",0.72,28.24773333,30.57549272,"female",199,1.23333333333333,1
"791",0.7,28.59666667,30.93347132,"female",199,1.51666666666667,1
"792",0.3,23.3902,24.55049654,"female",199,0,2
"793",0.3,25.51875,25.29051203,"female",199,1.28333333333333,2
"794",0.3,27.3,26.48473382,"female",199,1.45,2
"795",0.3,27.23476667,28.29731119,"female",199,1.48333333333333,2
"796",0.3,28.7974,29.53364097,"female",199,1.21666666666667,2
"797",0.3,29.4596,29.67674245,"female",199,1.71666666666667,2
"798",0.3,22.1148338,24.6841808,"female",199,0,3
"799",0.3,23.03434366,25.96721005,"female",199,1.2,3
"800",0.3,24.18746103,27.26713178,"female",199,1.5,3
"801",0.3,25.11805446,27.92836543,"female",199,1.21666666666667,3
"802",0.3,26.25390704,28.22474911,"female",199,1.48333333333333,3
"803",0.3,26.71233333,27.01144037,"female",199,1.26666666666667,3
