"X","clo","tOut","tInOp","sex","subjId","time","day","time2","subDay"
1,0.712537218269426,17.2672,22.28525041,"female","0",0,1,1,0
2,0.714081026953645,20.7,24.5723027,"female","0",1.18333333333333,1,2,0
3,0.710845716339536,20.54773333,25.55076541,"female","0",2.68333333333333,1,3,0
4,0.712555565044749,21.9,26.40068665,"female","0",4.08333333333333,1,4,0
5,0.712499651180115,21.5208,26.66522133,"female","0",5.15,1,5,0
6,0.713716262099333,20.99016667,27.18360916,"female","0",6.73333333333333,1,6,0
7,0.812366080514621,14.0004,23.99907469,"female","0",0,2,1,1
8,0.806294583834242,16.75316667,25.27592077,"female","0",1.08333333333333,2,2,1
9,0.807832402188797,18.29815,26.21257117,"female","0",2.6,2,3,1
10,0.812368080443703,18.40266667,26.37049263,"female","0",3.95,2,4,1
11,0.808497057494242,19.32161667,26.94404679,"female","0",5.1,2,5,1
12,0.813172838240862,19.5,27.20148625,"female","0",6.6,2,6,1
13,0.683258496108465,16.69203333,24.16892466,"female","0",0,3,1,2
14,0.675486907700542,18.10095,25.53036967,"female","0",1.16666666666667,3,2,2
15,0.675448102355003,19.34203333,25.09543409,"female","0",2.71666666666667,3,3,2
16,0.680056859441102,18.9416,25.25030653,"female","0",4.03333333333334,3,4,2
17,0.681229119529016,20.99258333,26.57250232,"female","0",5.11666666666667,3,5,2
18,0.679116498425137,21.6,26.77706483,"female","0",6.68333333333334,3,6,2
19,0.650294567258097,14.70021667,23.11101578,"female","1",0,1,1,3
20,0.653083008413669,15.70115,22.88766907,"female","1",1.18333333333333,1,2,3
21,0.65413500810042,15.2581,23.03144324,"female","1",2.55,1,3,3
22,0.651905790073797,16.65636667,23.1795283,"female","1",3.96666666666667,1,4,3
23,0.650841315747239,18.5522,23.30329175,"female","1",5.15,1,5,3
24,0.653813171396032,18.47575,23.46416386,"female","1",6.68333333333333,1,6,3
25,0.645625739945099,14.0489,23.98094678,"female","1",0,2,1,4
26,0.896482742105145,17.02675,24.2758573,"female","1",1.11666666666667,2,2,4
27,0.900374999616761,18.3327,24.67495822,"female","1",2.61666666666667,2,3,4
28,0.653151579857804,18.4,25.03312191,"female","1",3.95,2,4,4
29,0.648585112513974,19.8241,25.36860018,"female","1",5.21666666666667,2,5,4
30,0.654289826594759,19.43695,25.72683777,"female","1",6.56666666666667,2,6,4
31,0.530919494091068,22.3349,24.72311688,"female","1",0,3,1,5
32,0.528646939110477,24.80883333,25.15292101,"female","1",1.26666666666667,3,2,5
33,0.531940672255587,25.7937,26.52073835,"female","1",2.8,3,3,5
34,0.526396109778434,27.7462,27.7362538,"female","1",4.18333333333333,3,4,5
35,0.530923295624089,28.27333333,28.1644058,"female","1",5.4,3,5,5
36,0.528311107358895,28.01453333,28.64477519,"female","1",6.83333333333333,3,6,5
37,0.766615191726014,9.984666667,24.14766836,"female","2",0,1,1,6
38,0.767070591631345,12.17268333,25.1749534,"female","2",1.26666666666667,1,2,6
39,0.765502606928349,15.21566667,26.60257714,"female","2",2.81666666666667,1,3,6
40,0.967364836602937,15.8,24.13214681,"female","2",3.98333333333334,1,4,6
41,0.973225918204989,16.77471667,23.49742872,"female","2",5.45000000000001,1,5,6
42,0.96522289239103,17.2988,23.78227186,"female","2",6.80000000000001,1,6,6
43,0.953672884227708,13.1426,24.60271159,"female","2",0,2,1,7
44,0.949395134258084,14.30033333,25.48116859,"female","2",1.2,2,2,7
45,0.907781398564111,16.328,26.33664891,"female","2",2.58333333333333,2,3,7
46,0.830732165412046,17.55656667,26.73672381,"female","2",3.98333333333333,2,4,7
47,0.829991258201189,18.1,26.4216949,"female","2",5.08333333333333,2,5,7
48,0.830262210150249,17.7128,27.34504039,"female","2",6.73333333333333,2,6,7
49,0.720477038389072,13.55891667,24.00460216,"female","2",0,3,1,8
50,0.715066115099471,16.6756,24.25585754,"female","2",1.05,3,2,8
51,0.721848686067387,18.32933333,25.07617388,"female","2",2.66666666666667,3,3,8
52,0.522654162826948,19.58353333,26.62640813,"female","2",3.93333333333334,3,4,8
53,0.723816572758369,20.1922,24.64544043,"female","2",5.06666666666667,3,5,8
54,0.716839135289192,21.76558333,25.44736618,"female","2",6.56666666666667,3,6,8
55,0.558713378130924,16.5195,22.36557499,"female","3",0,1,1,9
56,0.55552806989057,18.55133333,25.65702627,"female","3",1.23333333333333,1,2,9
57,0.558414371635299,20,27.13526357,"female","3",2.71666666666666,1,3,9
58,0.555566814087797,21.4,27.88957639,"female","3",3.89999999999999,1,4,9
59,0.562137299980968,21.49836667,28.50670534,"female","3",5.13333333333332,1,5,9
60,0.562379134993535,23.34891667,30.5516075,"female","3",6.63333333333332,1,6,9
61,0.557742993144784,18.76873333,25.36345567,"female","3",0,2,1,10
62,0.556110269920901,21.2956,26.38776641,"female","3",1.16666666666667,2,2,10
63,0.557202996914275,24.5239,27.63596428,"female","3",2.65,2,3,10
64,0.556377421182115,26.4864,27.38183691,"female","3",3.78333333333333,2,4,10
65,0.562596329979133,27.19693333,27.23718449,"female","3",5.23333333333333,2,5,10
66,0.556055879567284,27.48615,27.51818593,"female","3",6.58333333333333,2,6,10
67,0.626719566783868,19.01346667,23.98244728,"female","3",0,3,1,11
68,0.628309197565541,22.3386,24.86047093,"female","3",1.26666666666667,3,2,11
69,0.627980169758666,24.48826667,26.25066039,"female","3",2.78333333333334,3,3,11
70,0.629489080689382,25.8,27.63244708,"female","3",3.98333333333334,3,4,11
71,0.629904031879269,26.6895,27.58526197,"female","3",5.28333333333334,3,5,11
72,0.633042166056111,25.78006667,27.91291667,"female","3",6.75000000000001,3,6,11
73,0.34373758171685,21.208,26.00729606,"male","4",0,1,1,12
74,0.340790833728388,23.0704,26.66674188,"male","4",1.13333333333333,1,2,12
75,0.340661477018148,25.908,28.51981196,"male","4",2.83333333333333,1,3,12
76,0.339285138128325,26.3225,29.40576544,"male","4",4.01666666666666,1,4,12
77,0.337946922497358,27.2,30.25615858,"male","4",5.24999999999999,1,5,12
78,0.342100144813303,27.79813333,30.82664953,"male","4",6.79999999999999,1,6,12
79,0.337130421993788,16.96326667,26.73733256,"male","4",0,2,1,13
80,0.340890269011725,17.50426667,26.57554042,"male","4",1.3,2,2,13
81,0.338679425574373,18.45033333,26.83158002,"male","4",2.75,2,3,13
82,0.340509536284953,19.4445,27.06305087,"male","4",4,2,4,13
83,0.340243901084177,21.88166667,28.32717426,"male","4",5.46666666666667,2,5,13
84,0.339607294062153,22.885,28.2659904,"male","4",6.73333333333334,2,6,13
85,0.343257464536,19.56585,24.94587559,"male","4",0,3,1,14
86,0.342257184905466,22.88286667,25.93132287,"male","4",1.31666666666667,3,2,14
87,0.336970461909659,23.75866667,27.0624843,"male","4",2.71666666666667,3,3,14
88,0.341997793300543,24.72276667,28.55025488,"male","4",4,3,4,14
89,0.338856460333336,24.89243333,29.41867545,"male","4",5.13333333333333,3,5,14
90,0.33581608989276,25.629,29.54301475,"male","4",6.63333333333333,3,6,14
91,0.682123097407166,15.28833333,26.21802121,"male","4",0,4,1,15
92,0.681938105993904,17.8868,26.66880675,"male","4",1.11666666666667,4,2,15
93,0.678004848542623,18.3605,27.54585703,"male","4",2.66666666666667,4,3,15
94,0.475062450959813,19.6955,28.38013948,"male","4",3.93333333333334,4,4,15
95,0.480273205442354,21.1058,29.3289493,"male","4",5.16666666666667,4,5,15
96,0.47841161117889,19.50866667,29.93758475,"male","4",6.91666666666667,4,6,15
97,0.859480448144022,19.8378,24.27893031,"female","5",0,1,1,16
98,0.862905750360806,24.85733333,27.36886888,"female","5",2.75,1,2,16
99,0.513160429971758,26.195,27.55848565,"female","5",3.98333333333333,1,3,16
100,0.86170845910674,26.95703333,27.96653092,"female","5",5.3,1,4,16
101,0.859494467608165,28.3,28.19621391,"female","5",6.78333333333333,1,5,16
102,0.307001239845995,23.99816667,26.16214481,"female","5",0,2,1,17
103,0.31040867898846,26.3635,26.77708751,"female","5",1.21666666666667,2,2,17
104,0.314879081824329,32.6585,28.50095106,"female","5",2.71666666666667,2,3,17
105,0.278904991135933,35.2196,30.13268512,"female","5",3.96666666666667,2,4,17
106,0.279341862553265,35.24616667,31.6977094,"female","5",5.21666666666667,2,5,17
107,0.311373807380442,35.37166667,32.1971762,"female","5",6.73333333333334,2,6,17
108,0.734770484697074,25.33316667,27.10023898,"female","5",0,3,1,18
109,0.726606554123573,28.29385,28.57748308,"female","5",1.43333333333333,3,2,18
110,0.725872059985995,30.08783333,29.68397267,"female","5",2.73333333333333,3,3,18
111,0.729599498065654,30.78646667,30.2513248,"female","5",4.08333333333333,3,4,18
112,0.484606776617002,30.5488,30.71229324,"female","5",5.33333333333333,3,5,18
113,0.477187300594524,29.52976667,30.99853416,"female","5",6.8,3,6,18
114,0.471064298038837,19.8678,26.78332094,"female","6",0,1,1,19
115,0.465888071169611,19.93416667,27.57664488,"female","6",0.983333333333333,1,2,19
116,0.465136665364262,22.38866667,29.67173405,"female","6",2.46666666666666,1,3,19
117,0.473419252394233,21.3,29.53450704,"female","6",3.69999999999999,1,4,19
118,0.471307721573394,24.5706,31.060978,"female","6",5.08333333333332,1,5,19
119,0.473350217249244,19.46416667,30.96276962,"female","6",6.38333333333332,1,6,19
120,0.659253473104909,20.54766667,26.16723445,"female","6",0,2,1,20
121,0.657996377756353,23.50208333,26.9979235,"female","6",1.31666666666667,2,2,20
122,0.664028716250323,25.7,28.02411609,"female","6",2.73333333333334,2,3,20
123,0.664504886919167,24.84833333,28.54353825,"female","6",4.03333333333334,2,4,20
124,0.619884331959765,25.6052,29.28440557,"female","6",5.25000000000001,2,5,20
125,0.622460433435626,25.73376667,29.78894695,"female","6",6.78333333333334,2,6,20
126,0.393832697879989,24.02983333,26.25016327,"female","6",0,3,1,21
127,0.390675520261284,26.7378,27.1527159,"female","6",1.25,3,2,21
128,0.391754869988654,28.4,28.12803593,"female","6",2.71666666666667,3,3,21
129,0.391737148198299,28.7593,28.4122019,"female","6",4,3,4,21
130,0.38648469440639,28.67053333,29.06762491,"female","6",5.46666666666667,3,5,21
131,0.390805143562611,28.08146667,29.80689583,"female","6",6.83333333333334,3,6,21
132,0.648367789813783,14.3,23.90931726,"male","7",0,1,1,22
133,0.651956860518549,17.68208333,25.12243306,"male","7",1.21666666666667,1,2,22
134,0.650132468927186,20.57493333,26.07598416,"male","7",2.71666666666667,1,3,22
135,0.645873666345142,22.0264,26.81834009,"male","7",4.06666666666667,1,4,22
136,0.648580851401202,20.6896,26.24412634,"male","7",5.23333333333334,1,5,22
137,0.651522747685667,22.39895,26.60381382,"male","7",6.76666666666667,1,6,22
138,0.558197386672255,14.4,24.67082523,"male","7",0,2,1,23
139,0.562577700633556,16.5,25.84487364,"male","7",1.23333333333333,2,2,23
140,0.557310592064168,19.366,26.04771277,"male","7",2.75,2,3,23
141,0.561017393376678,21.74463333,26.77172847,"male","7",4.01666666666667,2,4,23
142,0.564174595898949,19.9832,26.27129601,"male","7",5.3,2,5,23
143,0.55556329339277,19.8,24.54306693,"male","7",6.8,2,6,23
144,0.681615604895633,15.7036,24.87666274,"female","8",0,1,1,24
145,0.680165422121063,16.7235,25.51458634,"female","8",1.26666666666667,1,2,24
146,0.678043902732898,17.7566,26.50242025,"female","8",2.78333333333334,1,3,24
147,0.684270201264881,17.8851,26.84887953,"female","8",3.95000000000001,1,4,24
148,0.684059665077366,17.30705,26.89999029,"female","8",5.40000000000001,1,5,24
149,0.683080130331218,18.0577,27.38565578,"female","8",6.75000000000001,1,6,24
150,0.814650966254994,17.1,24.7790376,"female","8",0,2,1,25
151,0.814211637333501,18.1406,24.07092655,"female","8",1.25,2,2,25
152,0.808612024318427,19.2,26.13866456,"female","8",2.75,2,3,25
153,0.562154632352758,19.3,27.6967553,"female","8",4.05,2,4,25
154,0.560975318534765,19.9,28.55266266,"female","8",5.26666666666667,2,5,25
155,0.555238791170996,19.8,29.24465202,"female","8",6.68333333333334,2,6,25
156,0.931066692362074,18.3,25.01187299,"female","8",0,3,1,26
157,0.926698406632058,20.0037,26.08612194,"female","8",1.23333333333333,3,2,26
158,0.929461969288532,22.56385,27.46679639,"female","8",2.71666666666666,3,3,26
159,0.684479794888757,24.0824,27.95345609,"female","8",3.94999999999999,3,4,26
160,0.682532938560471,26.0996,28.04354055,"female","8",5.23333333333332,3,5,26
161,0.675558799384162,26,28.2642378,"female","8",6.73333333333332,3,6,26
162,0.340847520797979,23.934,26.13911786,"female","9",0,1,1,27
163,0.692449176807422,26.3064,26.75270868,"female","9",1.21666666666667,1,2,27
164,0.34221226408612,32.6152,28.48638883,"female","9",2.71666666666667,1,3,27
165,0.338879651983734,35.2,30.07663631,"female","9",3.95,1,4,27
166,0.344518604858313,35.34283333,31.66620423,"female","9",5.2,1,5,27
167,0.335716844405979,35.32666667,32.17112965,"female","9",6.75,1,6,27
168,0.340558456219733,25.37783333,27.23860177,"female","9",0,2,1,28
169,0.340741562156472,28.104,28.41396999,"female","9",1.26666666666667,2,2,28
170,0.338789853348862,29.87083333,29.6268466,"female","9",2.65,2,3,28
171,0.343667344865389,30.6707,30.16277856,"female","9",3.91666666666667,2,4,28
172,0.341244082197081,30.40416667,30.65535553,"female","9",5.16666666666667,2,5,28
173,0.343711157126818,29.7006,31.00165771,"female","9",6.8,2,6,28
174,0.336225014356896,24.8,27.50573212,"female","9",0,3,1,29
175,0.338753713120241,27.0552,28.41112705,"female","9",1.21666666666667,3,2,29
176,0.340337884344626,28.2174,29.69905997,"female","9",2.68333333333334,3,3,29
177,0.340724490776192,28.73883333,29.84026056,"female","9",4.01666666666667,3,4,29
178,0.336412592725828,29.8892,30.7977206,"female","9",5.23333333333334,3,5,29
179,0.338265616889112,29.62478333,30.7619618,"female","9",6.78333333333334,3,6,29
180,0.389409778236877,17.24556667,25.7965569,"female","10",0,1,1,30
181,0.390218774829991,17.8,27.23004436,"female","10",1.15,1,2,30
182,0.392590393538121,19.62088333,27.89576883,"female","10",2.63333333333333,1,3,30
183,0.393334874405991,20.6755,28.31375771,"female","10",3.98333333333333,1,4,30
184,0.386880310359411,23.05893333,29.45192872,"female","10",5.11666666666666,1,5,30
185,0.387111762659624,23.9,30.03937299,"female","10",6.68333333333333,1,6,30
186,0.430862111707684,16.16823333,25.12153365,"female","10",0,2,1,31
187,0.551287004165351,15.72201667,25.14689809,"female","10",1.15,2,2,31
188,0.431221648203209,15.5,26.00647393,"female","10",2.66666666666667,2,3,31
189,0.43120245186612,15.3,25.98424818,"female","10",3.88333333333334,2,4,31
190,0.430949036094826,15.704,26.40917667,"female","10",5.10000000000001,2,5,31
191,0.433938671099022,15.80013333,26.89457129,"female","10",6.60000000000001,2,6,31
192,0.479146144853439,13.3,24.46644644,"female","10",0,3,1,32
193,0.677218747306615,13.4,24.9780684,"female","10",1.31666666666667,3,2,32
194,0.684690032836516,13.6154,25.49659497,"female","10",2.8,3,3,32
195,0.676845090796705,14.4022,25.84033275,"female","10",4.21666666666667,3,4,32
196,0.679739993214607,14.1,26.14236786,"female","10",5.46666666666667,3,5,32
197,0.483578951184172,14.3,26.50516187,"female","10",6.78333333333334,3,6,32
198,0.626295180851594,17.10066667,23.37219001,"male","11",0,1,1,33
199,0.632055531416554,17.8308,25.55893523,"male","11",1.13333333333333,1,2,33
200,0.628404162167571,18.42666667,26.73329382,"male","11",2.55,1,3,33
201,0.633892861336935,19.31456667,26.92788679,"male","11",3.91666666666667,1,4,33
202,0.628888376955874,19.73353333,26.14149165,"male","11",5.11666666666667,1,5,33
203,0.63313768372871,20.7104,27.42091583,"male","11",6.68333333333334,1,6,33
204,0.519170540117193,24.1585,25.01797055,"male","11",0,2,1,34
205,0.520892050033435,24.6392,26.70255341,"male","11",1.36666666666667,2,2,34
206,0.517229846247938,25.34416667,26.88004897,"male","11",2.66666666666667,2,3,34
207,0.520740844563115,25.77913333,26.17188745,"male","11",4.68333333333334,2,4,34
208,0.518784220437519,27.4885,26.24677617,"male","11",5.36666666666667,2,5,34
209,0.599361460923683,23.38133333,25.00333122,"male","11",0,3,1,35
210,0.600348855727352,26.27185,24.39067186,"male","11",1.21666666666667,3,2,35
211,0.598906765216962,27.65933333,25.29924344,"male","11",2.73333333333334,3,3,35
212,0.601259283779655,28.28705,27.37435337,"male","11",4.01666666666667,3,4,35
213,0.558692716262303,28.12966667,26.86455018,"male","11",5.2,3,5,35
214,0.555782008876558,28.9,25.98028663,"male","11",6.76666666666667,3,6,35
215,0.593898630491458,20.59388333,24.84718112,"male","12",0,1,1,36
216,0.594837630647235,24.0072,25.33250742,"male","12",1.23333333333333,1,2,36
217,0.585325105509255,22.49001667,25.25448581,"male","12",2.73333333333333,1,3,36
218,0.589422172796912,24.77965,24.79685799,"male","12",4.25,1,4,36
219,0.592858489942737,23.5125,25.08093111,"male","12",5.1,1,5,36
220,0.585806864029728,23.4436,25.77849277,"male","12",6.61666666666667,1,6,36
221,0.538689687771257,20.51408333,24.57559694,"male","12",0,2,1,37
222,0.542109853846487,19.35913333,26.33791929,"male","12",0.75,2,2,37
223,0.536611515535042,21.01791667,28.74973639,"male","12",2.16666666666667,2,3,37
224,0.544323711676989,21.5625,27.13921754,"male","12",3.4,2,4,37
225,0.541010618594009,23.2043,26.57415563,"male","12",4.73333333333333,2,5,37
226,0.537070108358748,23.89933333,27.34302145,"male","12",6.23333333333333,2,6,37
227,0.339971326070372,25.10866667,24.96546614,"male","12",0,3,1,38
228,0.342205635120627,28.64683333,22.35145303,"male","12",1.26666666666667,3,2,38
229,0.336522636644077,30.38113333,23.36451552,"male","12",2.81666666666667,3,3,38
230,0.344379239836708,31.29916667,26.96024572,"male","12",4.03333333333334,3,4,38
231,0.336783205200918,30.6951,26.31936446,"male","12",5.25000000000001,3,5,38
232,0.34046744157793,32.1,26.26982713,"male","12",6.78333333333334,3,6,38
233,0.499413143491838,16.48453333,22.36727873,"female","13",0,1,1,39
234,0.502148419837467,18.5808,25.66448553,"female","13",1.26666666666667,1,2,39
235,0.500357290734537,20,27.1542151,"female","13",2.76666666666667,1,3,39
236,0.497529273384716,21.4,27.89632076,"female","13",3.95,1,4,39
237,0.495199297859799,21.5924,28.56783512,"female","13",5.21666666666667,1,5,39
238,0.502331932759844,23.24733333,30.53317753,"female","13",6.7,1,6,39
239,0.467080232424196,18.86975,25.29739306,"female","13",0,2,1,40
240,0.818397937209811,21.2262,26.29945039,"female","13",1.16666666666667,2,2,40
241,0.466598598023411,24.46706667,27.60024845,"female","13",2.66666666666667,2,3,40
242,0.466389222822618,26.38608333,27.34015207,"female","13",3.8,2,4,40
243,0.8190491726459,27.18045,27.2350194,"female","13",5.26666666666667,2,5,40
244,0.823251902447082,27.41026667,27.57738202,"female","13",6.65,2,6,40
245,0.503189383079298,19.1,25.10131429,"female","13",0,3,1,41
246,0.753981271439698,22.3904,26.49771893,"female","13",1.21666666666667,3,2,41
247,0.500278085230384,24.5,27.40230826,"female","13",2.76666666666667,3,3,41
248,0.499684289456345,25.80013333,28.23183546,"female","13",3.98333333333334,3,4,41
249,0.495543279103003,26.6923,28.03741229,"female","13",5.26666666666667,3,5,41
250,0.504045506748371,25.70191667,28.4190526,"female","13",6.71666666666667,3,6,41
251,0.910461946737487,14.9,23.39725,"female","14",0,1,1,42
252,0.912471724112984,14.9,23.67749993,"female","14",0.533333333333333,1,2,42
253,0.708303460653406,17.9075,24.96156444,"female","14",2.38333333333333,1,3,42
254,0.712246194547042,17.5526,24.69574953,"female","14",3.38333333333333,1,4,42
255,0.709640790594276,18.0852,24.82837638,"female","14",4.51666666666666,1,5,42
256,0.706632742234506,19.70796667,25.61424128,"female","14",6.01666666666666,1,6,42
257,0.678531400139909,12.7,24.15713634,"female","14",0,2,1,43
258,0.683657464287244,13.68933333,25.47197245,"female","14",1.23333333333333,2,2,43
259,0.678992217225023,17.1256,27.19903781,"female","14",2.73333333333333,2,3,43
260,0.683946292106994,16.72986667,27.34405721,"female","14",4.16666666666666,2,4,43
261,0.684316731905565,16.486,27.52818793,"female","14",5.44999999999999,2,5,43
262,0.683586260881275,17.1102,28.19240534,"female","14",6.86666666666666,2,6,43
263,0.827139756600372,12.4,25.21859177,"female","14",0,3,1,44
264,0.828434363296255,13.0875,26.24442973,"female","14",1.35,3,2,44
265,0.833216494286898,13.53758333,24.58571243,"female","14",2.75,3,3,44
266,0.834809369561262,13.70036667,24.33253655,"female","14",4,3,4,44
267,0.832737263487652,13.9,24.37479818,"female","14",5.23333333333333,3,5,44
268,0.831752230029087,14,24.37383867,"female","14",7.01666666666666,3,6,44
269,0.478513930363115,17.7889,26.10885432,"male","15",0,1,1,45
270,0.477752942142542,17.96765,26.92303838,"male","15",1.25,1,2,45
271,0.47643228210276,18.4,27.73441237,"male","15",2.76666666666667,1,3,45
272,0.4794038729975,20.00386667,28.34241326,"male","15",4.03333333333334,1,4,45
273,0.484055885155685,22.09853333,29.54525647,"male","15",5.20000000000001,1,5,45
274,0.47753325384343,22.3917,30.05990083,"male","15",6.68333333333334,1,6,45
275,0.475746322658379,21.4,26.70196215,"male","15",0,2,1,46
276,0.440352813333739,21.9965,27.35037024,"male","15",1.21666666666667,2,2,46
277,0.442339417403564,22.6,28.24537882,"male","15",2.71666666666667,2,3,46
278,0.437503614432644,23.441,28.78665461,"male","15",3.96666666666667,2,4,46
279,0.436968273948878,25.5,30.06607447,"male","15",5.25,2,5,46
280,0.440889523897786,25.9,30.71856273,"male","15",6.76666666666667,2,6,46
281,0.294392631561495,24.2,26.69347564,"male","15",0,3,1,47
282,0.247598039631266,26.106,27.47902812,"male","15",1.31666666666667,3,2,47
283,0.254768655281514,28.2285,28.3621999,"male","15",2.65,3,3,47
284,0.252530675299931,28.458,28.93083285,"male","15",4.1,3,4,47
285,0.253463658795226,28.4872,29.29419546,"male","15",5.21666666666667,3,5,47
286,0.248197529593017,31,30.30748821,"male","15",6.71666666666667,3,6,47
287,0.558849806101061,17.21343333,24.97856222,"female","16",0,1,1,48
288,0.560131790619344,18.66235,26.56033605,"female","16",1.31666666666667,1,2,48
289,0.559036812686827,19.1636,27.5345861,"female","16",2.75,1,3,48
290,0.560228963908739,20.5252,27.96328595,"female","16",4.11666666666667,1,4,48
291,0.555011607164051,21.9534,29.43988283,"female","16",5.21666666666667,1,5,48
292,0.55883312051883,22.76,30.32253545,"female","16",6.7,1,6,48
293,0.455373759749346,20.1114,25.73935367,"female","16",0,2,1,49
294,0.460289178495295,23.40213333,26.7878609,"female","16",1.18333333333333,2,2,49
295,0.457544025825337,26.5089,28.67663882,"female","16",2.66666666666666,2,3,49
296,0.461517030764371,27.5775,29.64607644,"female","16",3.93333333333333,2,4,49
297,0.457998403012753,29.08806667,30.21850014,"female","16",5.15,2,5,49
298,0.455609928835183,30.12596667,30.46330373,"female","16",6.61666666666667,2,6,49
299,0.343444129077252,22.06879437,24.14222713,"male","17",0,1,1,50
300,0.340568540487438,22.96869484,25.06967192,"male","17",1.16666666666667,1,2,50
301,0.335382007025182,24.14014272,26.5254047,"male","17",2.7,1,3,50
302,0.335254665981047,25.07499906,27.05697136,"male","17",3.91666666666667,1,4,50
303,0.338988214794081,26.05461596,27.75653915,"male","17",5.18333333333334,1,5,50
304,0.340688206013292,26.2264,28.27457086,"male","17",6.66666666666667,1,6,50
305,0.343781537427567,22.5775,26.67727382,"male","17",0,2,1,51
306,0.336471358656418,22.88918333,24.76109841,"male","17",1.46666666666667,2,2,51
307,0.344673706225585,23.92843333,26.9100087,"male","17",3.8,2,3,51
308,0.343526071235538,23.62666667,27.03167213,"male","17",4,2,4,51
309,0.342070879871026,25,26.18638998,"male","17",5.45,2,5,51
310,0.548778250147589,17.2873,25.74715726,"male","18",0,1,1,52
311,0.550569215223659,17.61995,27.24300338,"male","18",1.23333333333333,1,2,52
312,0.54798468303401,19.51775,27.90097005,"male","18",2.66666666666666,1,3,52
313,0.552947954530828,20.489,28.38052435,"male","18",3.99999999999999,1,4,52
314,0.547494221804664,22.839,29.36760711,"male","18",5.23333333333332,1,5,52
315,0.554432256221771,23.68635,29.90100701,"male","18",6.73333333333332,1,6,52
316,0.545508098308928,13.3,25.00866221,"male","18",0,2,1,53
317,0.549141152806114,13.4,26.13651925,"male","18",1.36666666666667,2,2,53
318,0.554608850977384,13.6364,27.09650391,"male","18",2.81666666666667,2,3,53
319,0.545705336253159,14.4,28.18483333,"male","18",4.28333333333334,2,4,53
320,0.54746559399413,14.1,28.78781986,"male","18",5.58333333333334,2,5,53
321,0.548701062570326,14.33086667,29.35437117,"male","18",6.76666666666667,2,6,53
322,0.547890758044086,14.20193333,24.6026385,"male","18",0,3,1,54
323,0.548552785122301,14.3235,25.02932743,"male","18",1.18333333333333,3,2,54
324,0.547010640858207,16.01453333,26.09370026,"male","18",2.68333333333333,3,3,54
325,0.548734997268766,16.8,26.52529876,"male","18",4.08333333333333,3,4,54
326,0.551184502956457,16.4,26.89047242,"male","18",5.26666666666666,3,5,54
327,0.553603229187429,17.7438,27.68789342,"male","18",6.71666666666666,3,6,54
328,0.528610959108919,17.5,24.50024779,"male","19",0,1,1,55
329,0.531079146198463,19.4,24.80271703,"male","19",1.08333333333333,1,2,55
330,0.52715318004135,21.5485,26.7324655,"male","19",2.6,1,3,55
331,0.526883705134969,21.9,26.64465194,"male","19",3.81666666666667,1,4,55
332,0.526738144401461,21.3705,26.1435,"male","19",5.11666666666667,1,5,55
333,0.528579181991518,18.2966,27.24072851,"male","19",6.53333333333334,1,6,55
334,0.562254095724784,20.639,24.09285819,"male","19",0,2,1,56
335,0.556627290956676,21.7,24.20378272,"male","19",1.2,2,2,56
336,0.563595580712427,25.2766,25.07887499,"male","19",2.75,2,3,56
337,0.561448248280212,26.382,27.87043566,"male","19",5.23333333333333,2,4,56
338,0.56334723650245,23.9012,28.04348569,"male","19",6.73333333333333,2,5,56
339,0.562664517350495,13.3692,24.28144578,"male","19",0,3,1,57
340,0.560348643932957,16.6,25.37488141,"male","19",1.25,3,2,57
341,0.559145136317238,18.32466667,26.90162949,"male","19",2.71666666666667,3,3,57
342,0.558729477829766,19.7,27.79078745,"male","19",4.13333333333334,3,4,57
343,0.519111513828393,20.4,25.06541898,"male","19",5.25000000000001,3,5,57
344,0.555803683036938,21.80353333,24.19675167,"male","19",6.75000000000001,3,6,57
345,0.616659186633769,20.02153333,25.47058899,"female","20",0,1,1,58
346,0.615883949811105,21.84166667,26.42278699,"female","20",1.21666666666667,1,2,58
347,0.615354173227679,24.6,27.99144393,"female","20",2.75,1,3,58
348,0.618220488450024,25.47245,28.07861631,"female","20",3.96666666666667,1,4,58
349,0.618688289315905,22.271,28.07505392,"female","20",5.13333333333334,1,5,58
350,0.618720820168965,23.7135,28.08107661,"female","20",6.65000000000001,1,6,58
351,0.571557072964497,21.5744,25.87944781,"female","20",0,2,1,59
352,0.573040886246599,20.98633333,25.60426497,"female","20",1.16666666666667,2,2,59
353,0.571397921098396,23.3095,26.84430257,"female","20",2.8,2,3,59
354,0.565097081630956,24.3308,27.39514275,"female","20",3.91666666666667,2,4,59
355,0.565038607611786,20.8664,26.87441178,"female","20",5.13333333333334,2,5,59
356,0.569876520368271,20.6765,27.5018594,"female","20",6.66666666666667,2,6,59
357,0.57845620631706,16.9699,24.59494784,"female","20",0,3,1,60
358,0.583693341815378,18.9303,25.46718322,"female","20",1.3,3,2,60
359,0.579102401905693,19.0392,26.7242476,"female","20",2.76666666666667,3,3,60
360,0.584360144904349,20.9,28.21084114,"female","20",4.43333333333334,3,4,60
361,0.578584048529155,21.50781667,28.91420289,"female","20",5.23333333333334,3,5,60
362,0.578707564284559,22.81963333,29.06708061,"female","20",6.98333333333334,3,6,60
363,0.841204971852712,16.62925,26.01876122,"male","21",0,1,1,61
364,0.843803516789339,18.6,26.67636126,"male","21",1.21666666666667,1,2,61
365,0.840150949941017,20,26.85704014,"male","21",2.68333333333334,1,3,61
366,0.836055775284767,21.2706,27.11574586,"male","21",3.93333333333334,1,4,61
367,0.840097775333561,21.84375,27.8443797,"male","21",5.18333333333334,1,5,61
368,0.840931444158778,23.33333333,28.43180937,"male","21",6.58333333333334,1,6,61
369,0.563256251257844,17.75783333,24.74597568,"male","21",0,2,1,62
370,0.564551664902829,20.52828333,25.95326421,"male","21",1.28333333333333,2,2,62
371,0.559404382705688,22.96716667,27.60916344,"male","21",2.85,2,3,62
372,0.557366092465818,24.46416667,28.70073693,"male","21",4,2,4,62
373,0.557357968091965,25.4755,27.71680555,"male","21",5.33333333333333,2,5,62
374,0.558012541334611,26.1768,27.25266568,"male","21",6.78333333333333,2,6,62
375,0.507347403932363,18.31001667,24.64887513,"male","21",0,3,1,63
376,0.510707129065413,20.8515,26.81925182,"male","21",1.23333333333333,3,2,63
377,0.512376854328904,24.2938,28.35484471,"male","21",2.78333333333333,3,3,63
378,0.514694481547922,26.6,27.50002705,"male","21",4.03333333333333,3,4,63
379,0.512728196550161,27.2877,27.08099205,"male","21",5.26666666666666,3,5,63
380,0.506410238486715,27.5853,29.10582803,"male","21",6.74999999999999,3,6,63
381,0.547619145135395,17.5,24.71723141,"male","22",0,1,1,64
382,0.553036535489373,19.4926,25.07717593,"male","22",1.23333333333333,1,2,64
383,0.549251835222822,21.74451667,26.43114291,"male","22",2.8,1,3,64
384,0.547670489905868,21.9,26.42348747,"male","22",3.95,1,4,64
385,0.549647645512596,21.39933333,25.77052217,"male","22",5.28333333333333,1,5,64
386,0.551412875181995,18.153,26.70754919,"male","22",6.73333333333333,1,6,64
387,0.473260084150825,14.79786667,24.35216978,"male","22",0,2,1,65
388,0.472691689215135,14.90435,25.48901294,"male","22",1.13333333333333,2,2,65
389,0.466753202269319,17.88643333,28.00310157,"male","22",2.8,2,3,65
390,0.468198275570758,17.7,26.80587795,"male","22",4.15,2,4,65
391,0.466850618233439,18.08816667,27.16058464,"male","22",5.36666666666667,2,5,65
392,0.470261319463607,19.59683333,28.13264785,"male","22",6.78333333333334,2,6,65
393,0.465066692759283,20.73733333,25.31507785,"male","22",0,3,1,66
394,0.469283724704292,21.8,25.72241813,"male","22",1.3,3,2,66
395,0.4732138834754,25.44393333,27.33601895,"male","22",2.76666666666667,3,3,66
396,0.468790683529805,26.6661,27.87283725,"male","22",3.93333333333334,3,4,66
397,0.474680956874508,26.34766667,26.69523665,"male","22",5.23333333333334,3,5,66
398,0.466073714618105,24.1392,25.60215113,"male","22",6.65000000000001,3,6,66
399,0.535477691218257,15.1,23.75187152,"male","23",0,1,1,67
400,0.543113877305295,16.0712,24.54128878,"male","23",1.16666666666667,1,2,67
401,0.544647327528801,17.6,26.12405405,"male","23",2.75,1,3,67
402,0.538938510708977,19.91315,26.54720649,"male","23",3.93333333333333,1,4,67
403,0.544466853952035,21.81026667,27.23718243,"male","23",5.13333333333333,1,5,67
404,0.544116281988099,22.3338,28.21564206,"male","23",6.65,1,6,67
405,0.519036264689639,16.90883333,24.28650131,"male","23",0,2,1,68
406,0.522431329935789,20.24733333,25.48099356,"male","23",1.23333333333333,2,2,68
407,0.518222862340044,22.6136,27.18070616,"male","23",2.66666666666666,2,3,68
408,0.515288108638488,23.49651667,27.80886468,"male","23",3.99999999999999,2,4,68
409,0.520386240512598,24.8,28.37079397,"male","23",5.19999999999999,2,5,68
410,0.516709971588571,25.26075,29.03002903,"male","23",6.76666666666666,2,6,68
411,0.473540080743842,19.49566667,24.30487107,"male","23",0,3,1,69
412,0.472981814744417,20.2,24.94564742,"male","23",1.25,3,2,69
413,0.470399422817864,23.49883333,26.7780465,"male","23",2.75,3,3,69
414,0.467351562115364,24.5354,27.76488955,"male","23",3.98333333333333,3,4,69
415,0.474972513315733,25.36346667,26.76609104,"male","23",5.25,3,5,69
416,0.473493021908216,25.984,25.02071983,"male","23",6.76666666666667,3,6,69
417,0.482210921263322,18.12686667,24.84492235,"male","24",0,1,1,70
418,0.483616898290347,19.9,26.2504138,"male","24",1.21666666666667,1,2,70
419,0.482977848914452,20.4085,27.56266724,"male","24",2.73333333333334,1,3,70
420,0.483783747116104,21.214,27.6925799,"male","24",3.93333333333334,1,4,70
421,0.476165879745968,22.06916667,27.83652172,"male","24",5.20000000000001,1,5,70
422,0.481410813473631,21.4,28.2888418,"male","24",6.63333333333334,1,6,70
423,0.508478258952964,15.6934,24.82197611,"male","24",0,2,1,71
424,0.510279092006385,16.7915,26.10424738,"male","24",1.28333333333333,2,2,71
425,0.508740469128825,17.5,26.65194699,"male","24",2.73333333333333,2,3,71
426,0.505687275612727,17.84216667,26.91768246,"male","24",4.05,2,4,71
427,0.508169776112773,17.5,27.44459218,"male","24",5.31666666666667,2,5,71
428,0.514435971917119,18.19383333,27.63286872,"male","24",6.7,2,6,71
429,0.47913936897181,17.1,25.52053498,"male","24",0,3,1,72
430,0.47844877186697,18.1406,24.07092655,"male","24",1.21666666666667,3,2,72
431,0.476702059879899,19.2,27.35860083,"male","24",2.73333333333334,3,3,72
432,0.482258172207512,19.26255,27.91197167,"male","24",3.98333333333334,3,4,72
433,0.476337760139722,19.9,28.54991972,"male","24",5.18333333333334,3,5,72
434,0.482127051376738,19.8,28.82508781,"male","24",6.73333333333334,3,6,72
435,0.519813987093512,10.43716667,23.61423018,"male","25",0,1,1,73
436,0.515627460754477,10.93183333,25.61722122,"male","25",1.15,1,2,73
437,0.520916513490956,9.337333333,27.35138983,"male","25",2.7,1,3,73
438,0.515107589722611,14.10085,23.60482782,"male","25",5.11666666666667,1,4,73
439,0.519023981627543,14.83325,23.43175952,"male","25",6.71666666666667,1,5,73
440,0.524819952188991,12.80136667,23.42077851,"male","25",0,2,1,74
441,0.521190587009769,14.35666667,23.40605592,"male","25",1.61666666666667,2,2,74
442,0.515349300496746,15.14305,23.39442379,"male","25",2.9,2,3,74
443,0.515170381141361,13.21653333,22.77818526,"male","25",0,3,1,75
444,0.515686884003226,15.19946667,22.33759579,"male","25",1.15,3,2,75
445,0.519829110279679,16.99243333,22.94065254,"male","25",2.68333333333333,3,3,75
446,0.522995050004683,18.9305,24.52715169,"male","25",3.95,3,4,75
447,0.515046047598589,17.9424,23.15866316,"male","25",5.18333333333333,3,5,75
448,0.523771142067853,18.6025,22.93550032,"male","25",6.76666666666666,3,6,75
449,0.484454335086048,23.5,27.77094323,"male","25",0,4,1,76
450,0.475774406606797,26.47933333,28.00389128,"male","25",1.53333333333333,4,2,76
451,0.79402960936306,20.346,24.01004034,"female","26",0,1,1,77
452,0.788371214454528,21.032,24.93871761,"female","26",1.16666666666667,1,2,77
453,0.511719852893148,22.4595,26.82106456,"female","26",2.68333333333334,1,3,77
454,0.513069613876287,23.18226667,27.22740287,"female","26",3.95000000000001,1,4,77
455,0.506573353251442,23.46453333,26.0582907,"female","26",5.15000000000001,1,5,77
456,0.511687620226294,23.22928333,25.26211311,"female","26",6.71666666666668,1,6,77
457,0.735887103900313,16.63566667,23.62601952,"female","26",0,2,1,78
458,0.742784598513972,19.6,25.93413564,"female","26",1.25,2,2,78
459,0.738918507599738,17.16666667,26.94648121,"female","26",2.73333333333333,2,3,78
460,0.538432448699605,16.9,27.15104857,"female","26",4,2,4,78
461,0.539027881482616,15.973,26.66838901,"female","26",5.3,2,5,78
462,0.544729977683164,20.64216667,27.88749727,"female","26",6.73333333333333,2,6,78
463,0.892187515171245,14.6,25.07238963,"female","26",0,3,1,79
464,0.88955081916647,15,25.47027039,"female","26",1.16666666666667,3,2,79
465,0.888024520699401,15.3,26.36750608,"female","26",2.65,3,3,79
466,0.541894328407943,18.20991667,26.12871352,"female","26",3.9,3,4,79
467,0.542295772258658,16.5025,25.4640864,"female","26",5.16666666666667,3,5,79
468,0.535703122485429,17.984,25.13826338,"female","26",6.65,3,6,79
469,0.300630101077259,20.70266667,24.66715302,"female","27",0,1,1,80
470,0.303104179883376,22.338,26.13055661,"female","27",1.31666666666667,1,2,80
471,0.296803110209294,23.2,29.37781424,"female","27",2.78333333333334,1,3,80
472,0.303595950151794,22.94483333,27.6597602,"female","27",4.01666666666667,1,4,80
473,0.295932835391723,23.6625,27.35116504,"female","27",5.28333333333334,1,5,80
474,0.29599158429075,24.9,27.03153555,"female","27",6.75000000000001,1,6,80
475,0.299647839989047,20.4619,23.45689723,"female","27",0,2,1,81
476,0.299627945537213,21.28403333,24.1283849,"female","27",1.18333333333333,2,2,81
477,0.30237428272143,22.5,25.51727241,"female","27",2.71666666666666,2,3,81
478,0.298482852736488,23.48546667,27.91471399,"female","27",3.98333333333333,2,4,81
479,0.278793922644109,23.2073,28.81820292,"female","27",5.23333333333333,2,5,81
480,0.297864013435319,23.1445,28.67374796,"female","27",6.51666666666666,2,6,81
481,0.304928774677683,16.90033333,24.99849795,"female","27",0,3,1,82
482,0.298883229324128,18,26.75273727,"female","27",1.23333333333333,3,2,82
483,0.279323492108379,17.6293,27.6530806,"female","27",2.73333333333333,3,3,82
484,0.28230403048452,17.53916667,26.86328617,"female","27",4.03333333333333,3,4,82
485,0.277825089870021,18,28.33650148,"female","27",5.23333333333333,3,5,82
486,0.275073589060921,18.7,28.95019215,"female","27",6.76666666666666,3,6,82
487,0.514964661225677,19.57966667,26.95627526,"male","28",0,1,1,83
488,0.514657126038801,20.618,27.82549908,"male","28",0.916666666666667,1,2,83
489,0.507772536878474,22.407,29.13549175,"male","28",2.4,1,3,83
490,0.505688398166094,21.3,28.78975491,"male","28",3.61666666666667,1,4,83
491,0.512535401927307,24.34323333,29.54759319,"male","28",5,1,5,83
492,0.510681185829453,19.53893333,29.73157667,"male","28",6.31666666666667,1,6,83
493,0.503685597218573,20.80733333,25.91042848,"male","28",0,2,1,84
494,0.502961390011478,24.0026,27.59313848,"male","28",1.33333333333333,2,2,84
495,0.503500672508962,25.60773333,28.13075408,"male","28",2.71666666666666,2,3,84
496,0.495747128608637,24.71083333,28.15782272,"male","28",3.98333333333333,2,4,84
497,0.503368502256926,25.48683333,28.78618594,"male","28",5.26666666666666,2,5,84
498,0.496061780694872,25.69386667,29.72659148,"male","28",6.69999999999999,2,6,84
499,0.502216656657401,21.85931667,25.3361831,"male","28",0,3,1,85
500,0.496073142832611,22.0414,25.95685886,"male","28",1.25,3,2,85
501,0.496562180093024,23.15516667,26.49779409,"male","28",2.66666666666667,3,3,85
502,0.495608290238306,24.0334,27.77370389,"male","28",3.98333333333334,3,4,85
503,0.49683522661915,26.0104,28.72078024,"male","28",5.18333333333334,3,5,85
504,0.502692270807456,27.5,29.95426275,"male","28",7.00000000000001,3,6,85
505,0.9125092083239,17.2795,24.30093784,"female","29",0,1,1,86
506,0.914558592208195,19.3949,24.60523286,"female","29",1.2,1,2,86
507,0.91441264109686,19.4,24.51420913,"female","29",2.73333333333333,1,3,86
508,0.910492037832737,19.2048,25.92796945,"female","29",3.95,1,4,86
509,0.9067881610943,17.5,26.71854563,"female","29",5.2,1,5,86
510,0.907691824857611,16.45066667,27.5770217,"female","29",6.7,1,6,86
511,0.828755729733966,18.4014,24.31731413,"female","29",0,2,1,87
512,0.825306736363564,19.18695,26.03844234,"female","29",1.25,2,2,87
513,0.833976501647849,18.0655,27.91083809,"female","29",2.76666666666667,2,3,87
514,0.825128345389385,19.6,26.95031745,"female","29",4.01666666666667,2,4,87
515,0.831430489618797,21.64816667,27.29622472,"female","29",5.38333333333334,2,5,87
516,0.828935038298368,21.425,27.37281392,"female","29",6.81666666666667,2,6,87
517,0.879932643482462,15.6,25.07900597,"female","29",0,3,1,88
518,0.884005211712793,16.98946667,25.87772314,"female","29",1.2,3,2,88
519,0.883284897916019,18.98045,26.73571446,"female","29",2.75,3,3,88
520,0.881202905841637,19.1129,26.52338434,"female","29",3.98333333333333,3,4,88
521,0.876495504949708,19.52003333,26.57602469,"female","29",5.23333333333333,3,5,88
522,0.878196159743238,19.4,26.12349698,"female","29",6.71666666666666,3,6,88
523,0.843297728537582,17.0259,24.1374942,"female","30",0,1,1,89
524,0.842875202163123,18,25.12364425,"female","30",1.23333333333333,1,2,89
525,0.835321171181276,17.6,27.02158887,"female","30",2.76666666666666,1,3,89
526,0.63849767307518,17.4677,25.98289064,"female","30",3.98333333333333,1,4,89
527,0.64039056963753,18,25.2152521,"female","30",5.21666666666666,1,5,89
528,0.64431312997127,18.70416667,24.85979014,"female","30",6.74999999999999,1,6,89
529,0.76102304227883,16.76566667,23.49437665,"female","30",0,2,1,90
530,0.720206993648317,19.37576667,24.46655841,"female","30",1.25,2,2,90
531,0.72438627618365,16.92006667,25.36364296,"female","30",2.76666666666667,2,3,90
532,0.720702823938336,16.8678,26.58202503,"female","30",4,2,4,90
533,0.716908658952452,16.47983333,27.80650854,"female","30",5.3,2,5,90
534,0.519942671181634,20.46816667,28.67738355,"female","30",6.73333333333333,2,6,90
535,0.690411170735024,14.64416667,26.16336923,"female","30",0,3,1,91
536,0.692854891968891,15,26.55056018,"female","30",1.21666666666667,3,2,91
537,0.685076816231012,15.3,26.12281812,"female","30",2.73333333333334,3,3,91
538,0.890809177849442,18.23513333,26.79880182,"female","30",3.98333333333334,3,4,91
539,0.886315800859593,16.4122,26.21509362,"female","30",5.28333333333334,3,5,91
540,0.891539736348204,17.91425,26.0217086,"female","30",6.73333333333334,3,6,91
541,0.56061502918601,16.47813333,25.93293603,"male","31",0,1,1,92
542,0.555172046171501,18.4904,26.52699599,"male","31",1.21666666666667,1,2,92
543,0.561883562975563,20,26.87265431,"male","31",2.78333333333334,1,3,92
544,0.558380868909881,21.2954,27.10311404,"male","31",4.00000000000001,1,4,92
545,0.560098164323717,21.80546667,27.82491078,"male","31",5.25000000000001,1,5,92
546,0.555612604191992,23.32966667,28.43323468,"male","31",6.66666666666668,1,6,92
547,0.591689491339494,17.664,24.46008515,"male","31",0,2,1,93
548,0.594732419978827,20.42813333,26.85620282,"male","31",1.28333333333333,2,2,93
549,0.587466116056312,22.86698333,28.27959085,"male","31",2.86666666666666,2,3,93
550,0.588289137000684,24.4063,28.37184919,"male","31",4.01666666666666,2,4,93
551,0.592380136458669,25.7,27.29392083,"male","31",5.26666666666666,2,5,93
552,0.592537366165779,26.0332,28.29339889,"male","31",6.78333333333333,2,6,93
553,0.367491267146543,18.2456,24.57769501,"male","31",0,3,1,94
554,0.37193706846796,21.0918,26.94269797,"male","31",1.3,3,2,94
555,0.374101005073171,24.12475,28.31226093,"male","31",2.75,3,3,94
556,0.368587745046243,26.612,27.55139125,"male","31",4.11666666666667,3,4,94
557,0.369418377398979,27.1391,27.08008469,"male","31",5.33333333333334,3,5,94
558,0.370174274826422,27.4098,29.17628978,"male","31",6.83333333333334,3,6,94
559,0.524541524285451,17.2,25.88978089,"male","32",0,1,1,95
560,0.524128683339804,17.843,27.27383488,"male","32",1.2,1,2,95
561,0.520283480340149,19.678,27.99200245,"male","32",2.7,1,3,95
562,0.523573655309156,20.6762,28.50115991,"male","32",4.08333333333333,1,4,95
563,0.523387504701968,22.8467,29.36697839,"male","32",5.15,1,5,95
564,0.517122163607273,23.70226667,29.93418875,"male","32",6.7,1,6,95
565,0.485513834173325,13.2984,25.218837,"male","32",0,2,1,96
566,0.492847761155572,13.4,26.16991844,"male","32",1.23333333333333,2,2,96
567,0.488892328797374,13.6,27.13219889,"male","32",2.75,2,3,96
568,0.490570847403724,14.4,28.18383333,"male","32",4.11666666666667,2,4,96
569,0.487644732529297,14.1,28.72955041,"male","32",5.35,2,5,96
570,0.486261044512503,14.3,29.40534345,"male","32",6.66666666666667,2,6,96
571,0.441428893704433,18.0996,24.50366154,"male","32",0,3,1,97
572,0.436069218642078,19.67583333,25.05478409,"male","32",1.16666666666667,3,2,97
573,0.440656726087909,22.48561667,26.25172725,"male","32",2.71666666666667,3,3,97
574,0.443497300529853,24.59211667,28.93022422,"male","32",3.98333333333334,3,4,97
575,0.44008762108162,25.0056,29.99516655,"male","32",5.23333333333334,3,5,97
576,0.438426032017451,26.3,31.0487772,"male","32",6.70000000000001,3,6,97
577,0.513420521491207,20.78613333,24.10745693,"male","33",0,1,1,98
578,0.507402083249763,23.5485,24.46312669,"male","33",1.1,1,2,98
579,0.508221900896169,24.40166667,26.06241595,"male","33",2.63333333333333,1,3,98
580,0.506601541182026,25.32333333,25.99184846,"male","33",3.91666666666666,1,4,98
581,0.506117751754355,26.7565,26.37010609,"male","33",5.23333333333333,1,5,98
582,0.508465088973753,27.2964,26.0467004,"male","33",6.61666666666666,1,6,98
583,0.478657114962116,23.15346667,24.68053457,"male","33",0,2,1,99
584,0.481328578363173,26.1762,23.81450759,"male","33",1.23333333333333,2,2,99
585,0.484798942552879,27.56971667,24.17769536,"male","33",2.7,2,3,99
586,0.440255589366425,28.06856667,26.83505036,"male","33",3.98333333333333,2,4,99
587,0.436804743688554,28.17125,24.59440344,"male","33",5.2,2,5,99
588,0.480216505278368,28.9,23.28267114,"male","33",6.73333333333333,2,6,99
589,0.666322638613638,17.81,26.49916891,"female","34",0,1,1,100
590,0.672792412189301,18,27.14610952,"female","34",1,1,2,100
591,0.66771268512588,18.31266667,27.84432816,"female","34",2.58333333333333,1,3,100
592,0.666504770638421,19.9,27.99286833,"female","34",3.8,1,4,100
593,0.668652346201707,21.87531667,28.9649234,"female","34",5.01666666666667,1,5,100
594,0.66673722716514,22.10916667,29.61314191,"female","34",6.48333333333334,1,6,100
595,0.484823080047499,21.4,26.71520706,"female","34",0,2,1,101
596,0.483890571917873,22,27.33216268,"female","34",1.18333333333333,2,2,101
597,0.829814766261261,22.6,28.26055499,"female","34",2.73333333333333,2,3,101
598,0.825372364579234,23.59986667,28.92716384,"female","34",4.03333333333333,2,4,101
599,0.476297721355222,25.5,30.06533184,"female","34",5.25,2,5,101
600,0.48298431902891,26.0515,30.85357944,"female","34",6.86666666666667,2,6,101
601,0.399294405539986,20.207,26.35563199,"female","34",0,3,1,102
602,0.355230672850739,24.59081667,27.5442286,"female","34",1.15,3,2,102
603,0.395734653077088,25.35805,28.92279133,"female","34",2.7,3,3,102
604,0.401475414710585,27.304,30.32963852,"female","34",4,3,4,102
605,0.362349524581805,28.70483333,30.73258696,"female","34",5.23333333333333,3,5,102
606,0.343642580704764,28.54133333,30.90707798,"female","34",6.73333333333333,3,6,102
607,0.588075237637386,19.7,24.70609587,"male","35",0,1,1,103
608,0.589741297625005,24.1058,27.5449992,"male","35",2.78333333333333,1,2,103
609,0.586712865361478,21.3,27.66910059,"male","35",3.98333333333333,1,3,103
610,0.586757761917543,24.2948,28.14190491,"male","35",5.18333333333333,1,4,103
611,0.553192108469084,22.5505,28.5123407,"male","35",6.66666666666666,1,5,103
612,0.5930929792393,19.79966667,25.16977259,"male","35",0,2,1,104
613,0.554026035696734,21.93416667,23.60638831,"male","35",1.23333333333333,2,2,104
614,0.550216175799724,24.0534,24.11078721,"male","35",2.73333333333333,2,3,104
615,0.554688607382122,25.56808333,25.7253072,"male","35",4,2,4,104
616,0.550575705217198,22.3848,24.84766367,"male","35",5.16666666666667,2,5,104
617,0.5488958094595,23.37535,23.90721473,"male","35",6.73333333333334,2,6,104
618,0.51224647047231,17.12153333,26.83116716,"female","36",0,1,1,105
619,0.761961423591711,19.28201667,26.88273203,"female","36",1.21666666666667,1,2,105
620,0.760217349769082,19.4512,26.94618654,"female","36",2.71666666666667,1,3,105
621,0.758085319846869,19.108,26.99778666,"female","36",3.95,1,4,105
622,0.758151534399949,17.5,27.05084361,"female","36",5.2,1,5,105
623,0.762845590328798,16.6221,27.27146974,"female","36",6.68333333333333,1,6,105
624,0.959344864417799,18.411,24.07848901,"female","36",0,2,1,106
625,0.959405300663784,19.01246667,25.26685006,"female","36",1.21666666666667,2,2,106
626,0.955919224899262,17.92755,25.87019538,"female","36",2.73333333333334,2,3,106
627,0.96150332912337,19.6,25.8804521,"female","36",3.98333333333334,2,4,106
628,0.955943605264183,21.4609,26.27615982,"female","36",5.30000000000001,2,5,106
629,0.96492581038503,21.29405,27.84271507,"female","36",6.75000000000001,2,6,106
630,0.601261970370542,15.53666667,25.30700328,"female","36",0,3,1,107
631,0.598192449824419,16.67333333,25.67745402,"female","36",1.2,3,2,107
632,0.853304786675144,18.82368333,25.25853381,"female","36",2.73333333333333,3,3,107
633,0.845951480921358,18.9988,25.6793836,"female","36",3.93333333333333,3,4,107
634,0.847714316376951,19.41773333,25.51676366,"female","36",5.23333333333333,3,5,107
635,0.847602184670977,19.49123333,24.67342049,"female","36",6.7,3,6,107
636,0.343392846605275,22.14871667,24.79394037,"male","37",0,1,1,108
637,0.337846972055268,24.41313333,25.6214186,"male","37",1.16666666666667,1,2,108
638,0.340071509529371,26.3944,27.52226706,"male","37",2.8,1,3,108
639,0.33862775528105,27.66373333,28.21769074,"male","37",3.83333333333333,1,4,108
640,0.343765483354218,26.45616667,28.96725379,"male","37",5.15,1,5,108
641,0.342362992207054,26.6,29.43489024,"male","37",6.6,1,6,108
642,0.585723735599313,16.9056,26.68151601,"male","37",0,2,1,109
643,0.587270892052911,17.64046667,26.61054626,"male","37",1.28333333333333,2,2,109
644,0.590966181072872,18.41495,26.85183287,"male","37",2.71666666666666,2,3,109
645,0.588401177385822,19.55775,27.13586999,"male","37",3.94999999999999,2,4,109
646,0.586542464843951,21.36013333,28.39865604,"male","37",5.48333333333332,2,5,109
647,0.585889923088252,22.76166667,28.30976267,"male","37",6.63333333333332,2,6,109
648,0.58910060829483,19.29175,24.8941145,"male","37",0,3,1,110
649,0.594234741881955,22.81833333,25.91023702,"male","37",1.35,3,2,110
650,0.594692112598568,23.82233333,27.1383326,"male","37",2.8,3,3,110
651,0.590970196621493,24.5866,28.49418945,"male","37",4.01666666666667,3,4,110
652,0.592095219567418,24.89656667,29.41740035,"male","37",5.18333333333334,3,5,110
653,0.589179573096335,25.54406667,29.557251,"male","37",6.68333333333334,3,6,110
654,0.606724897876847,18.24538,25,"female","38",0,1,1,111
655,0.584627324007452,19.9,26.33798936,"female","38",1.2,1,2,111
656,0.578301165227313,20.77435,27.38937636,"female","38",2.8,1,3,111
657,0.333532954887487,21.7,27.68967519,"female","38",3.98333333333333,1,4,111
658,0.328283411699813,21.99688333,28.13695832,"female","38",5.2,1,5,111
659,0.331495005253237,21.5541,28.0338145,"female","38",6.63333333333333,1,6,111
660,0.817218872914091,15.69835,24.82138593,"female","38",0,2,1,112
661,0.821411078495439,16.8,26.04368564,"female","38",1.25,2,2,112
662,0.817209555264562,17.5,26.6246443,"female","38",2.73333333333333,2,3,112
663,0.815538795236498,17.79263333,26.99848001,"female","38",4.11666666666666,2,4,112
664,0.824274407913908,17.47471667,27.46851598,"female","38",5.34999999999999,2,5,112
665,0.824440869125537,18.1704,27.63604036,"female","38",6.69999999999999,2,6,112
666,0.50929933544714,17.1,25.49102052,"female","38",0,3,1,113
667,0.706716105646919,18.1262,26.9397036,"female","38",1.25,3,2,113
668,0.705102533057798,19.2,27.35860083,"female","38",2.71666666666667,3,3,113
669,0.712528774992097,19.3,27.96749771,"female","38",4.01666666666667,3,4,113
670,0.510852361219004,19.89775,28.54074018,"female","38",5.16666666666667,3,5,113
671,0.512774296556599,19.8,28.81764761,"female","38",6.76666666666667,3,6,113
672,0.444377299107146,17.50612113,24.46361259,"female","39",0,1,1,114
673,0.442406638693064,17.46778548,25.33379329,"female","39",1.15,1,2,114
674,0.486238948288374,17.41430421,26.99420572,"female","39",2.75,1,3,114
675,0.440999687386211,17.37855756,27.42683141,"female","39",3.83333333333333,1,4,114
676,0.442643701981287,17.33268608,28.99209583,"female","39",5.21666666666666,1,5,114
677,0.437220091286581,17.2846417,29.59936025,"female","39",6.64999999999999,1,6,114
678,0.295020479375962,25.521,24.75738839,"female","39",0,2,1,115
679,0.296562444684096,28.7474,25.99463564,"female","39",1.23333333333333,2,2,115
680,0.298302791311871,30.45133333,29.41934089,"female","39",2.81666666666666,2,3,115
681,0.298039075471461,31.04308333,28.28477468,"female","39",4.01666666666666,2,4,115
682,0.304732062274124,30.69481667,27.70215739,"female","39",5.24999999999999,2,5,115
683,0.29592627748847,32.08826667,27.25171925,"female","39",6.68333333333332,2,6,115
684,0.297536456950475,26.63625,25.73277034,"female","39",0,3,1,116
685,0.296623835738283,30.62606667,26.84649757,"female","39",1.21666666666667,3,2,116
686,0.301433290045243,33.5324,28.6946943,"female","39",2.78333333333334,3,3,116
687,0.303898926884867,35.4619,28.67646711,"female","39",4.00000000000001,3,4,116
688,0.295232184976339,35.9974,27.90042641,"female","39",5.23333333333334,3,5,116
689,0.30229447216494,36.2338,26.75977539,"female","39",6.76666666666667,3,6,116
690,0.511633313377388,24.297,25.67271784,"male","40",0,1,1,117
691,0.5071200310532,27.21493333,25.82234468,"male","40",1.26666666666667,1,2,117
692,0.514245162070729,28.78733333,27.28848696,"male","40",2.75,1,3,117
693,0.510358092412353,27.4742,27.42994714,"male","40",3.91666666666667,1,4,117
694,0.513244714222383,22.62025,27.83595468,"male","40",5.23333333333334,1,5,117
695,0.512195802247152,23.6,28.30154387,"male","40",6.66666666666667,1,6,117
696,0.507343929873314,17.1,23.88360078,"male","40",0,2,1,118
697,0.513520734657068,17.70045,24.13867665,"male","40",1.15,2,2,118
698,0.467895313089248,18.59333333,24.54281547,"male","40",2.71666666666667,2,3,118
699,0.511148312510923,19.42766667,24.76025454,"male","40",3.9,2,4,118
700,0.51082966494374,19.8,24.46035954,"male","40",5.15,2,5,118
701,0.512604702729732,20.34346667,24.94326621,"male","40",6.66666666666667,2,6,118
702,0.471328497573268,18.41333333,25.48250105,"male","40",0,3,1,119
703,0.472375718513504,19.5989,24.75974584,"male","40",1.18333333333333,3,2,119
704,0.467640934798401,20.50735,25.0051985,"male","40",2.76666666666666,3,3,119
705,0.473434014674276,21.22866667,26.55184341,"male","40",4.04999999999999,3,4,119
706,0.469848847663961,22.36136667,25.85055587,"male","40",5.26666666666666,3,5,119
707,0.470078873180319,22.49413333,25.25877559,"male","40",6.71666666666666,3,6,119
708,0.562796057427768,17.80106667,26.50921173,"female","41",0,1,1,120
709,0.556253040856682,18,27.16762108,"female","41",1.01666666666667,1,2,120
710,0.56095280911075,18.31383333,27.84421759,"female","41",2.6,1,3,120
711,0.518760644795839,19.90073333,28.02234493,"female","41",3.85,1,4,120
712,0.522361499490216,21.87408333,28.96450732,"female","41",5.03333333333333,1,5,120
713,0.523953022672795,22.2182,29.60539822,"female","41",6.53333333333333,1,6,120
714,0.428943811005447,21.47716667,26.88447588,"female","41",0,2,1,121
715,0.431436320752837,21.92133333,27.37088048,"female","41",1.16666666666667,2,2,121
716,0.432489219997078,22.50513333,28.32543687,"female","41",2.71666666666667,2,3,121
717,0.433663533327635,23.5201,28.85588632,"female","41",3.93333333333334,2,4,121
718,0.426086220957804,25.49766667,30.05353592,"female","41",5.16666666666667,2,5,121
719,0.374896111150738,25.9,30.76520251,"female","41",6.73333333333334,2,6,121
720,0.251390889971517,20.2,26.31435655,"female","41",0,3,1,122
721,0.250929645099677,24.51428333,27.2338363,"female","41",1.23333333333333,3,2,122
722,0.254300784633961,25.24316667,27.57461064,"female","41",2.71666666666666,3,3,122
723,0.247650482561439,27.21013333,27.7806142,"female","41",3.98333333333333,3,4,122
724,0.227625567568466,28.69515,28.3398962,"female","41",5.23333333333333,3,5,122
725,0.251049100949895,29.049,28.42930867,"female","41",6.93333333333333,3,6,122
726,0.481777761133853,25.3145,25.81021121,"male","42",0,1,1,123
727,0.477650497346185,28.3,27.03634781,"male","42",1.4,1,2,123
728,0.476874899291433,30.189,26.80748408,"male","42",2.73333333333333,1,3,123
729,0.482242693575099,30.8495,26.57396793,"male","42",4,1,4,123
730,0.480196386231109,30.5007,28.45156633,"male","42",5.21666666666667,1,5,123
731,0.483407999295741,29.5,27.06899667,"male","42",6.68333333333334,1,6,123
732,0.480156120103784,25,27.15321656,"male","42",0,2,1,124
733,0.478184854760766,27.2958,28.43080106,"male","42",1.16666666666667,2,2,124
734,0.476538988617249,28.1245,29.53362164,"male","42",2.63333333333334,2,3,124
735,0.480425344672985,28.5077,29.90802468,"male","42",3.96666666666667,2,4,124
736,0.484843072565272,29.60648333,30.78800552,"male","42",5.05,2,5,124
737,0.475131196118891,29.69433333,31.34415812,"male","42",6.6,2,6,124
738,0.483782360150944,22.7,27.11123704,"male","42",0,3,1,125
739,0.482889704054687,24.5699,28.63246508,"male","42",1.26666666666667,3,2,125
740,0.483215099368244,25.8275,28.77779432,"male","42",2.56666666666667,3,3,125
741,0.484759958409704,27.05,28.74890605,"male","42",3.78333333333334,3,4,125
742,0.476343212702777,28.98075,29.66005351,"male","42",5.43333333333334,3,5,125
743,0.483178165550344,28.6372,30.09608811,"male","42",6.53333333333334,3,6,125
744,0.592907419984695,15.7009,24.87940156,"male","43",0,1,1,126
745,0.593373931681272,16.7,25.53083286,"male","43",1.25,1,2,126
746,0.553740489587653,17.72123333,26.48490419,"male","43",2.76666666666667,1,3,126
747,0.552124270375352,17.9586,26.84130708,"male","43",3.9,1,4,126
748,0.593212563018314,17.30315,26.89446375,"male","43",5.4,1,5,126
749,0.588634536571335,18.09445,27.40568323,"male","43",6.76666666666667,1,6,126
750,0.589373255870305,17.1208,24.80167169,"male","43",0,2,1,127
751,0.587793368084822,18.3239,24.03499048,"male","43",1.28333333333333,2,2,127
752,0.587701812144369,19.2,26.14846794,"male","43",2.71666666666666,2,3,127
753,0.589905788202304,19.3,27.69868888,"male","43",4.03333333333333,2,4,127
754,0.547782359221019,19.9,28.55375279,"male","43",5.26666666666666,2,5,127
755,0.590458533002529,19.8,29.24464501,"male","43",6.64999999999999,2,6,127
756,0.556260652940255,18.26916667,24.29522761,"male","43",0,3,1,128
757,0.555356627674773,19.96595,25.02179791,"male","43",1.23333333333333,3,2,128
758,0.559678759644739,22.57933333,26.79785965,"male","43",2.7,3,3,128
759,0.51534160918789,24.19795,27.99984159,"male","43",3.93333333333333,3,4,128
760,0.517544751120731,25.90956667,27.82157152,"male","43",5.21666666666666,3,5,128
761,0.557316685989499,26.141,28.55673109,"male","43",6.69999999999999,3,6,128
762,0.510418822008651,19.52626667,24.55346038,"male","44",0,1,1,129
763,0.512785902922042,22.63363333,25.46873698,"male","44",1.11666666666667,1,2,129
764,0.505590612494852,24.69588333,27.67608912,"male","44",2.75,1,3,129
765,0.506874667077791,25.54293333,28.42423356,"male","44",3.95,1,4,129
766,0.508265079378616,25.97846667,27.56403792,"male","44",5.21666666666667,1,5,129
767,0.510108579515945,27.149,27.080166,"male","44",6.68333333333334,1,6,129
768,0.589257040889934,18.0691,23.38394233,"male","44",0,2,1,130
769,0.59044543358963,21.1,24.54809838,"male","44",1.26666666666667,2,2,130
770,0.588495039963163,22.89566667,26.15263355,"male","44",2.73333333333334,2,3,130
771,0.551269285771996,23.3467,28.55490551,"male","44",4.01666666666667,2,4,130
772,0.554675069972873,24.13568333,27.72732061,"male","44",5.26666666666667,2,5,130
773,0.554319330404978,24.518,27.94516528,"male","44",6.71666666666667,2,6,130
774,0.583758706911467,15.1,24.83150615,"female","45",0,1,1,131
775,0.57823189410381,16.56538333,25.89737183,"female","45",1.1,1,2,131
776,0.584412920698523,17.73105,28.009,"female","45",2.7,1,3,131
777,0.547044174082112,20.56433333,27.31363132,"female","45",3.81666666666667,1,4,131
778,0.57544842942385,21.9108,27.96907848,"female","45",5.03333333333334,1,5,131
779,0.581083021955565,23.35933333,27.83157565,"female","45",6.58333333333334,1,6,131
780,0.720114107241388,19.5967,23.98481411,"female","45",0,2,1,132
781,0.719542048587464,20.1506,24.60524078,"female","45",1.25,2,2,132
782,0.679671316812746,23.5114,26.64670143,"female","45",2.75,2,3,132
783,0.657584394002333,24.57733333,27.79163392,"female","45",4,2,4,132
784,0.656519539435394,25.6905,28.07974741,"female","45",5.31666666666667,2,5,132
785,0.657296129944734,25.20525,27.66774393,"female","45",6.78333333333334,2,6,132
786,0.719068867440801,22.2077,26.40117021,"female","46",0,1,1,133
787,0.715595390535891,24.4885,26.71821354,"female","46",0.966666666666667,1,2,133
788,0.720374358890112,26.179,28.13364883,"female","46",2.58333333333334,1,3,133
789,0.716190662507433,27.3867,29.45967246,"female","46",3.70000000000001,1,4,133
790,0.720908219588455,28.24773333,30.57549272,"female","46",4.93333333333334,1,5,133
791,0.702802496857475,28.59666667,30.93347132,"female","46",6.45000000000001,1,6,133
792,0.300341119256336,23.3902,24.55049654,"female","46",0,2,1,134
793,0.301232667707372,25.51875,25.29051203,"female","46",1.28333333333333,2,2,134
794,0.298795183352195,27.3,26.48473382,"female","46",2.73333333333333,2,3,134
795,0.301070660972036,27.23476667,28.29731119,"female","46",4.21666666666666,2,4,134
796,0.295351635117549,28.7974,29.53364097,"female","46",5.43333333333333,2,5,134
797,0.302852435803507,29.4596,29.67674245,"female","46",7.15,2,6,134
798,0.302948270696215,22.1148338,24.6841808,"female","46",0,3,1,135
799,0.297408973837737,23.03434366,25.96721005,"female","46",1.2,3,2,135
800,0.299942262547556,24.18746103,27.26713178,"female","46",2.7,3,3,135
801,0.30232116518775,25.11805446,27.92836543,"female","46",3.91666666666667,3,4,135
802,0.297003675289452,26.25390704,28.22474911,"female","46",5.4,3,5,135
803,0.30375566648785,26.71233333,27.01144037,"female","46",6.66666666666667,3,6,135
